ai_strategy,game_number,turns_to_win
RandomAI,1,98
RandomAI,2,96
RandomAI,3,100
RandomAI,4,98
RandomAI,5,99
RandomAI,6,96
RandomAI,7,100
RandomAI,8,100
RandomAI,9,95
RandomAI,10,91
RandomAI,11,100
RandomAI,12,99
RandomAI,13,84
RandomAI,14,99
RandomAI,15,90
RandomAI,16,98
RandomAI,17,99
RandomAI,18,90
RandomAI,19,95
RandomAI,20,100
RandomAI,21,98
RandomAI,22,99
RandomAI,23,95
RandomAI,24,100
RandomAI,25,99
RandomAI,26,98
RandomAI,27,97
RandomAI,28,87
RandomAI,29,97
RandomAI,30,94
RandomAI,31,94
RandomAI,32,93
RandomAI,33,100
RandomAI,34,96
RandomAI,35,91
RandomAI,36,96
RandomAI,37,99
RandomAI,38,91
RandomAI,39,96
RandomAI,40,99
RandomAI,41,99
RandomAI,42,98
RandomAI,43,100
RandomAI,44,99
RandomAI,45,98
RandomAI,46,99
RandomAI,47,82
RandomAI,48,94
RandomAI,49,99
RandomAI,50,95
RandomAI,51,98
RandomAI,52,77
RandomAI,53,99
RandomAI,54,94
RandomAI,55,99
RandomAI,56,88
RandomAI,57,100
RandomAI,58,93
RandomAI,59,98
RandomAI,60,96
RandomAI,61,98
RandomAI,62,91
RandomAI,63,98
RandomAI,64,98
RandomAI,65,95
RandomAI,66,100
RandomAI,67,95
RandomAI,68,95
RandomAI,69,97
RandomAI,70,98
RandomAI,71,87
RandomAI,72,100
RandomAI,73,99
RandomAI,74,100
RandomAI,75,87
RandomAI,76,89
RandomAI,77,88
RandomAI,78,97
RandomAI,79,100
RandomAI,80,89
RandomAI,81,92
RandomAI,82,96
RandomAI,83,95
RandomAI,84,100
RandomAI,85,95
RandomAI,86,100
RandomAI,87,98
RandomAI,88,98
RandomAI,89,95
RandomAI,90,94
RandomAI,91,95
RandomAI,92,94
RandomAI,93,99
RandomAI,94,88
RandomAI,95,98
RandomAI,96,96
RandomAI,97,85
RandomAI,98,99
RandomAI,99,100
RandomAI,100,99
RandomAI,101,97
RandomAI,102,90
RandomAI,103,93
RandomAI,104,100
RandomAI,105,96
RandomAI,106,96
RandomAI,107,99
RandomAI,108,96
RandomAI,109,95
RandomAI,110,97
RandomAI,111,99
RandomAI,112,97
RandomAI,113,98
RandomAI,114,95
RandomAI,115,98
RandomAI,116,100
RandomAI,117,96
RandomAI,118,98
RandomAI,119,98
RandomAI,120,100
RandomAI,121,99
RandomAI,122,92
RandomAI,123,100
RandomAI,124,93
RandomAI,125,100
RandomAI,126,99
RandomAI,127,100
RandomAI,128,100
RandomAI,129,98
RandomAI,130,100
RandomAI,131,88
RandomAI,132,95
RandomAI,133,98
RandomAI,134,94
RandomAI,135,95
RandomAI,136,100
RandomAI,137,95
RandomAI,138,89
RandomAI,139,99
RandomAI,140,78
RandomAI,141,100
RandomAI,142,100
RandomAI,143,96
RandomAI,144,92
RandomAI,145,99
RandomAI,146,98
RandomAI,147,100
RandomAI,148,88
RandomAI,149,96
RandomAI,150,95
RandomAI,151,99
RandomAI,152,96
RandomAI,153,97
RandomAI,154,99
RandomAI,155,97
RandomAI,156,81
RandomAI,157,91
RandomAI,158,96
RandomAI,159,98
RandomAI,160,99
RandomAI,161,95
RandomAI,162,95
RandomAI,163,97
RandomAI,164,98
RandomAI,165,99
RandomAI,166,95
RandomAI,167,98
RandomAI,168,100
RandomAI,169,95
RandomAI,170,99
RandomAI,171,88
RandomAI,172,100
RandomAI,173,90
RandomAI,174,99
RandomAI,175,100
RandomAI,176,98
RandomAI,177,84
RandomAI,178,97
RandomAI,179,99
RandomAI,180,92
RandomAI,181,97
RandomAI,182,97
RandomAI,183,99
RandomAI,184,100
RandomAI,185,99
RandomAI,186,92
RandomAI,187,83
RandomAI,188,100
RandomAI,189,93
RandomAI,190,100
RandomAI,191,96
RandomAI,192,74
RandomAI,193,95
RandomAI,194,98
RandomAI,195,93
RandomAI,196,99
RandomAI,197,100
RandomAI,198,91
RandomAI,199,93
RandomAI,200,98
RandomAI,201,100
RandomAI,202,92
RandomAI,203,93
RandomAI,204,96
RandomAI,205,88
RandomAI,206,100
RandomAI,207,100
RandomAI,208,99
RandomAI,209,95
RandomAI,210,100
RandomAI,211,91
RandomAI,212,99
RandomAI,213,97
RandomAI,214,92
RandomAI,215,88
RandomAI,216,95
RandomAI,217,99
RandomAI,218,89
RandomAI,219,94
RandomAI,220,89
RandomAI,221,99
RandomAI,222,96
RandomAI,223,96
RandomAI,224,85
RandomAI,225,93
RandomAI,226,99
RandomAI,227,100
RandomAI,228,95
RandomAI,229,75
RandomAI,230,98
RandomAI,231,100
RandomAI,232,78
RandomAI,233,100
RandomAI,234,100
RandomAI,235,76
RandomAI,236,100
RandomAI,237,100
RandomAI,238,100
RandomAI,239,91
RandomAI,240,90
RandomAI,241,79
RandomAI,242,100
RandomAI,243,97
RandomAI,244,98
RandomAI,245,95
RandomAI,246,94
RandomAI,247,96
RandomAI,248,97
RandomAI,249,95
RandomAI,250,96
RandomAI,251,99
RandomAI,252,94
RandomAI,253,81
RandomAI,254,97
RandomAI,255,87
RandomAI,256,88
RandomAI,257,99
RandomAI,258,89
RandomAI,259,98
RandomAI,260,97
RandomAI,261,97
RandomAI,262,99
RandomAI,263,99
RandomAI,264,97
RandomAI,265,96
RandomAI,266,84
RandomAI,267,100
RandomAI,268,99
RandomAI,269,98
RandomAI,270,100
RandomAI,271,92
RandomAI,272,89
RandomAI,273,91
RandomAI,274,97
RandomAI,275,80
RandomAI,276,79
RandomAI,277,85
RandomAI,278,100
RandomAI,279,94
RandomAI,280,100
RandomAI,281,100
RandomAI,282,97
RandomAI,283,98
RandomAI,284,98
RandomAI,285,97
RandomAI,286,91
RandomAI,287,96
RandomAI,288,85
RandomAI,289,99
RandomAI,290,95
RandomAI,291,99
RandomAI,292,99
RandomAI,293,100
RandomAI,294,97
RandomAI,295,96
RandomAI,296,99
RandomAI,297,97
RandomAI,298,92
RandomAI,299,98
RandomAI,300,96
RandomAI,301,97
RandomAI,302,93
RandomAI,303,100
RandomAI,304,96
RandomAI,305,94
RandomAI,306,99
RandomAI,307,100
RandomAI,308,93
RandomAI,309,95
RandomAI,310,95
RandomAI,311,98
RandomAI,312,99
RandomAI,313,96
RandomAI,314,90
RandomAI,315,97
RandomAI,316,99
RandomAI,317,100
RandomAI,318,99
RandomAI,319,100
RandomAI,320,98
RandomAI,321,99
RandomAI,322,89
RandomAI,323,99
RandomAI,324,97
RandomAI,325,100
RandomAI,326,92
RandomAI,327,94
RandomAI,328,94
RandomAI,329,96
RandomAI,330,99
RandomAI,331,98
RandomAI,332,95
RandomAI,333,97
RandomAI,334,89
RandomAI,335,93
RandomAI,336,100
RandomAI,337,98
RandomAI,338,98
RandomAI,339,93
RandomAI,340,100
RandomAI,341,98
RandomAI,342,93
RandomAI,343,96
RandomAI,344,90
RandomAI,345,99
RandomAI,346,87
RandomAI,347,79
RandomAI,348,99
RandomAI,349,99
RandomAI,350,96
RandomAI,351,99
RandomAI,352,97
RandomAI,353,90
RandomAI,354,100
RandomAI,355,97
RandomAI,356,98
RandomAI,357,96
RandomAI,358,100
RandomAI,359,99
RandomAI,360,85
RandomAI,361,94
RandomAI,362,99
RandomAI,363,100
RandomAI,364,100
RandomAI,365,99
RandomAI,366,99
RandomAI,367,96
RandomAI,368,99
RandomAI,369,99
RandomAI,370,97
RandomAI,371,99
RandomAI,372,100
RandomAI,373,98
RandomAI,374,99
RandomAI,375,97
RandomAI,376,90
RandomAI,377,100
RandomAI,378,94
RandomAI,379,100
RandomAI,380,97
RandomAI,381,99
RandomAI,382,100
RandomAI,383,100
RandomAI,384,93
RandomAI,385,100
RandomAI,386,89
RandomAI,387,90
RandomAI,388,87
RandomAI,389,99
RandomAI,390,97
RandomAI,391,95
RandomAI,392,100
RandomAI,393,100
RandomAI,394,98
RandomAI,395,95
RandomAI,396,98
RandomAI,397,94
RandomAI,398,81
RandomAI,399,99
RandomAI,400,98
RandomAI,401,96
RandomAI,402,99
RandomAI,403,100
RandomAI,404,96
RandomAI,405,97
RandomAI,406,97
RandomAI,407,96
RandomAI,408,96
RandomAI,409,97
RandomAI,410,96
RandomAI,411,96
RandomAI,412,90
RandomAI,413,94
RandomAI,414,96
RandomAI,415,100
RandomAI,416,99
RandomAI,417,99
RandomAI,418,96
RandomAI,419,95
RandomAI,420,94
RandomAI,421,99
RandomAI,422,98
RandomAI,423,97
RandomAI,424,92
RandomAI,425,95
RandomAI,426,99
RandomAI,427,97
RandomAI,428,100
RandomAI,429,97
RandomAI,430,95
RandomAI,431,100
RandomAI,432,91
RandomAI,433,97
RandomAI,434,94
RandomAI,435,77
RandomAI,436,88
RandomAI,437,96
RandomAI,438,94
RandomAI,439,95
RandomAI,440,100
RandomAI,441,100
RandomAI,442,93
RandomAI,443,97
RandomAI,444,98
RandomAI,445,98
RandomAI,446,100
RandomAI,447,91
RandomAI,448,100
RandomAI,449,95
RandomAI,450,99
RandomAI,451,96
RandomAI,452,96
RandomAI,453,100
RandomAI,454,100
RandomAI,455,99
RandomAI,456,83
RandomAI,457,94
RandomAI,458,99
RandomAI,459,96
RandomAI,460,92
RandomAI,461,98
RandomAI,462,99
RandomAI,463,100
RandomAI,464,97
RandomAI,465,95
RandomAI,466,92
RandomAI,467,96
RandomAI,468,99
RandomAI,469,76
RandomAI,470,98
RandomAI,471,89
RandomAI,472,99
RandomAI,473,91
RandomAI,474,96
RandomAI,475,89
RandomAI,476,99
RandomAI,477,97
RandomAI,478,90
RandomAI,479,99
RandomAI,480,91
RandomAI,481,100
RandomAI,482,96
RandomAI,483,95
RandomAI,484,100
RandomAI,485,96
RandomAI,486,99
RandomAI,487,98
RandomAI,488,88
RandomAI,489,95
RandomAI,490,97
RandomAI,491,94
RandomAI,492,91
RandomAI,493,100
RandomAI,494,93
RandomAI,495,100
RandomAI,496,98
RandomAI,497,100
RandomAI,498,93
RandomAI,499,96
RandomAI,500,99
RandomAI,501,94
RandomAI,502,100
RandomAI,503,97
RandomAI,504,86
RandomAI,505,81
RandomAI,506,98
RandomAI,507,97
RandomAI,508,89
RandomAI,509,100
RandomAI,510,93
RandomAI,511,96
RandomAI,512,89
RandomAI,513,100
RandomAI,514,95
RandomAI,515,91
RandomAI,516,90
RandomAI,517,90
RandomAI,518,97
RandomAI,519,93
RandomAI,520,76
RandomAI,521,95
RandomAI,522,100
RandomAI,523,97
RandomAI,524,98
RandomAI,525,97
RandomAI,526,95
RandomAI,527,96
RandomAI,528,89
RandomAI,529,96
RandomAI,530,99
RandomAI,531,100
RandomAI,532,93
RandomAI,533,93
RandomAI,534,95
RandomAI,535,88
RandomAI,536,92
RandomAI,537,100
RandomAI,538,100
RandomAI,539,99
RandomAI,540,99
RandomAI,541,90
RandomAI,542,100
RandomAI,543,100
RandomAI,544,90
RandomAI,545,98
RandomAI,546,92
RandomAI,547,88
RandomAI,548,96
RandomAI,549,90
RandomAI,550,100
RandomAI,551,98
RandomAI,552,93
RandomAI,553,94
RandomAI,554,97
RandomAI,555,99
RandomAI,556,98
RandomAI,557,97
RandomAI,558,98
RandomAI,559,91
RandomAI,560,97
RandomAI,561,86
RandomAI,562,95
RandomAI,563,90
RandomAI,564,93
RandomAI,565,98
RandomAI,566,99
RandomAI,567,91
RandomAI,568,100
RandomAI,569,86
RandomAI,570,98
RandomAI,571,96
RandomAI,572,98
RandomAI,573,93
RandomAI,574,95
RandomAI,575,96
RandomAI,576,80
RandomAI,577,90
RandomAI,578,96
RandomAI,579,98
RandomAI,580,98
RandomAI,581,84
RandomAI,582,99
RandomAI,583,97
RandomAI,584,97
RandomAI,585,99
RandomAI,586,92
RandomAI,587,91
RandomAI,588,94
RandomAI,589,96
RandomAI,590,99
RandomAI,591,94
RandomAI,592,85
RandomAI,593,100
RandomAI,594,97
RandomAI,595,94
RandomAI,596,98
RandomAI,597,98
RandomAI,598,95
RandomAI,599,93
RandomAI,600,89
RandomAI,601,98
RandomAI,602,100
RandomAI,603,96
RandomAI,604,100
RandomAI,605,98
RandomAI,606,99
RandomAI,607,99
RandomAI,608,100
RandomAI,609,85
RandomAI,610,98
RandomAI,611,90
RandomAI,612,94
RandomAI,613,96
RandomAI,614,100
RandomAI,615,98
RandomAI,616,95
RandomAI,617,92
RandomAI,618,95
RandomAI,619,96
RandomAI,620,98
RandomAI,621,96
RandomAI,622,97
RandomAI,623,100
RandomAI,624,97
RandomAI,625,92
RandomAI,626,85
RandomAI,627,91
RandomAI,628,86
RandomAI,629,99
RandomAI,630,99
RandomAI,631,97
RandomAI,632,97
RandomAI,633,99
RandomAI,634,100
RandomAI,635,97
RandomAI,636,96
RandomAI,637,90
RandomAI,638,92
RandomAI,639,99
RandomAI,640,87
RandomAI,641,100
RandomAI,642,96
RandomAI,643,98
RandomAI,644,99
RandomAI,645,98
RandomAI,646,100
RandomAI,647,97
RandomAI,648,90
RandomAI,649,87
RandomAI,650,92
RandomAI,651,99
RandomAI,652,100
RandomAI,653,98
RandomAI,654,97
RandomAI,655,89
RandomAI,656,92
RandomAI,657,97
RandomAI,658,98
RandomAI,659,94
RandomAI,660,89
RandomAI,661,97
RandomAI,662,97
RandomAI,663,97
RandomAI,664,99
RandomAI,665,100
RandomAI,666,93
RandomAI,667,99
RandomAI,668,100
RandomAI,669,96
RandomAI,670,96
RandomAI,671,97
RandomAI,672,87
RandomAI,673,93
RandomAI,674,100
RandomAI,675,95
RandomAI,676,97
RandomAI,677,96
RandomAI,678,100
RandomAI,679,97
RandomAI,680,96
RandomAI,681,94
RandomAI,682,98
RandomAI,683,94
RandomAI,684,99
RandomAI,685,95
RandomAI,686,94
RandomAI,687,97
RandomAI,688,97
RandomAI,689,95
RandomAI,690,87
RandomAI,691,95
RandomAI,692,99
RandomAI,693,90
RandomAI,694,100
RandomAI,695,92
RandomAI,696,97
RandomAI,697,100
RandomAI,698,99
RandomAI,699,100
RandomAI,700,99
RandomAI,701,91
RandomAI,702,97
RandomAI,703,99
RandomAI,704,100
RandomAI,705,93
RandomAI,706,91
RandomAI,707,98
RandomAI,708,94
RandomAI,709,98
RandomAI,710,99
RandomAI,711,98
RandomAI,712,93
RandomAI,713,100
RandomAI,714,95
RandomAI,715,92
RandomAI,716,97
RandomAI,717,99
RandomAI,718,97
RandomAI,719,89
RandomAI,720,100
RandomAI,721,100
RandomAI,722,93
RandomAI,723,99
RandomAI,724,74
RandomAI,725,99
RandomAI,726,100
RandomAI,727,95
RandomAI,728,95
RandomAI,729,99
RandomAI,730,99
RandomAI,731,97
RandomAI,732,94
RandomAI,733,100
RandomAI,734,95
RandomAI,735,91
RandomAI,736,97
RandomAI,737,100
RandomAI,738,100
RandomAI,739,97
RandomAI,740,97
RandomAI,741,100
RandomAI,742,91
RandomAI,743,98
RandomAI,744,93
RandomAI,745,100
RandomAI,746,98
RandomAI,747,96
RandomAI,748,100
RandomAI,749,99
RandomAI,750,90
RandomAI,751,99
RandomAI,752,99
RandomAI,753,97
RandomAI,754,98
RandomAI,755,89
RandomAI,756,92
RandomAI,757,97
RandomAI,758,97
RandomAI,759,90
RandomAI,760,94
RandomAI,761,80
RandomAI,762,99
RandomAI,763,98
RandomAI,764,91
RandomAI,765,87
RandomAI,766,92
RandomAI,767,99
RandomAI,768,97
RandomAI,769,97
RandomAI,770,100
RandomAI,771,91
RandomAI,772,97
RandomAI,773,93
RandomAI,774,97
RandomAI,775,82
RandomAI,776,98
RandomAI,777,95
RandomAI,778,94
RandomAI,779,96
RandomAI,780,100
RandomAI,781,100
RandomAI,782,98
RandomAI,783,96
RandomAI,784,100
RandomAI,785,88
RandomAI,786,99
RandomAI,787,89
RandomAI,788,99
RandomAI,789,98
RandomAI,790,98
RandomAI,791,92
RandomAI,792,97
RandomAI,793,99
RandomAI,794,100
RandomAI,795,99
RandomAI,796,100
RandomAI,797,92
RandomAI,798,86
RandomAI,799,99
RandomAI,800,100
RandomAI,801,99
RandomAI,802,98
RandomAI,803,95
RandomAI,804,93
RandomAI,805,100
RandomAI,806,97
RandomAI,807,94
RandomAI,808,98
RandomAI,809,97
RandomAI,810,90
RandomAI,811,99
RandomAI,812,85
RandomAI,813,97
RandomAI,814,94
RandomAI,815,97
RandomAI,816,99
RandomAI,817,99
RandomAI,818,99
RandomAI,819,97
RandomAI,820,96
RandomAI,821,86
RandomAI,822,96
RandomAI,823,100
RandomAI,824,98
RandomAI,825,95
RandomAI,826,96
RandomAI,827,93
RandomAI,828,98
RandomAI,829,92
RandomAI,830,94
RandomAI,831,90
RandomAI,832,94
RandomAI,833,88
RandomAI,834,96
RandomAI,835,100
RandomAI,836,100
RandomAI,837,100
RandomAI,838,92
RandomAI,839,94
RandomAI,840,98
RandomAI,841,94
RandomAI,842,99
RandomAI,843,100
RandomAI,844,98
RandomAI,845,95
RandomAI,846,100
RandomAI,847,99
RandomAI,848,97
RandomAI,849,91
RandomAI,850,100
RandomAI,851,95
RandomAI,852,94
RandomAI,853,98
RandomAI,854,99
RandomAI,855,94
RandomAI,856,94
RandomAI,857,90
RandomAI,858,98
RandomAI,859,97
RandomAI,860,100
RandomAI,861,100
RandomAI,862,84
RandomAI,863,88
RandomAI,864,99
RandomAI,865,97
RandomAI,866,98
RandomAI,867,94
RandomAI,868,91
RandomAI,869,100
RandomAI,870,96
RandomAI,871,99
RandomAI,872,97
RandomAI,873,97
RandomAI,874,99
RandomAI,875,95
RandomAI,876,95
RandomAI,877,94
RandomAI,878,93
RandomAI,879,97
RandomAI,880,98
RandomAI,881,100
RandomAI,882,95
RandomAI,883,99
RandomAI,884,91
RandomAI,885,95
RandomAI,886,84
RandomAI,887,97
RandomAI,888,100
RandomAI,889,84
RandomAI,890,99
RandomAI,891,100
RandomAI,892,85
RandomAI,893,94
RandomAI,894,97
RandomAI,895,84
RandomAI,896,93
RandomAI,897,100
RandomAI,898,100
RandomAI,899,97
RandomAI,900,93
RandomAI,901,100
RandomAI,902,97
RandomAI,903,100
RandomAI,904,95
RandomAI,905,96
RandomAI,906,99
RandomAI,907,98
RandomAI,908,100
RandomAI,909,97
RandomAI,910,89
RandomAI,911,95
RandomAI,912,96
RandomAI,913,100
RandomAI,914,99
RandomAI,915,88
RandomAI,916,99
RandomAI,917,100
RandomAI,918,98
RandomAI,919,91
RandomAI,920,95
RandomAI,921,97
RandomAI,922,100
RandomAI,923,96
RandomAI,924,100
RandomAI,925,100
RandomAI,926,100
RandomAI,927,100
RandomAI,928,100
RandomAI,929,94
RandomAI,930,98
RandomAI,931,98
RandomAI,932,97
RandomAI,933,84
RandomAI,934,82
RandomAI,935,93
RandomAI,936,98
RandomAI,937,89
RandomAI,938,93
RandomAI,939,98
RandomAI,940,98
RandomAI,941,97
RandomAI,942,93
RandomAI,943,83
RandomAI,944,95
RandomAI,945,98
RandomAI,946,98
RandomAI,947,100
RandomAI,948,81
RandomAI,949,98
RandomAI,950,100
RandomAI,951,100
RandomAI,952,100
RandomAI,953,96
RandomAI,954,94
RandomAI,955,98
RandomAI,956,97
RandomAI,957,90
RandomAI,958,86
RandomAI,959,97
RandomAI,960,98
RandomAI,961,98
RandomAI,962,100
RandomAI,963,98
RandomAI,964,95
RandomAI,965,100
RandomAI,966,96
RandomAI,967,100
RandomAI,968,100
RandomAI,969,96
RandomAI,970,97
RandomAI,971,100
RandomAI,972,93
RandomAI,973,93
RandomAI,974,99
RandomAI,975,81
RandomAI,976,100
RandomAI,977,97
RandomAI,978,95
RandomAI,979,97
RandomAI,980,96
RandomAI,981,88
RandomAI,982,99
RandomAI,983,93
RandomAI,984,98
RandomAI,985,97
RandomAI,986,99
RandomAI,987,98
RandomAI,988,100
RandomAI,989,90
RandomAI,990,93
RandomAI,991,87
RandomAI,992,94
RandomAI,993,100
RandomAI,994,96
RandomAI,995,94
RandomAI,996,88
RandomAI,997,92
RandomAI,998,93
RandomAI,999,99
RandomAI,1000,95
HuntTargetAI,1,65
HuntTargetAI,2,69
HuntTargetAI,3,74
HuntTargetAI,4,75
HuntTargetAI,5,91
HuntTargetAI,6,65
HuntTargetAI,7,73
HuntTargetAI,8,87
HuntTargetAI,9,78
HuntTargetAI,10,60
HuntTargetAI,11,73
HuntTargetAI,12,82
HuntTargetAI,13,63
HuntTargetAI,14,88
HuntTargetAI,15,77
HuntTargetAI,16,60
HuntTargetAI,17,63
HuntTargetAI,18,72
HuntTargetAI,19,83
HuntTargetAI,20,77
HuntTargetAI,21,82
HuntTargetAI,22,61
HuntTargetAI,23,62
HuntTargetAI,24,65
HuntTargetAI,25,74
HuntTargetAI,26,67
HuntTargetAI,27,72
HuntTargetAI,28,65
HuntTargetAI,29,56
HuntTargetAI,30,52
HuntTargetAI,31,78
HuntTargetAI,32,87
HuntTargetAI,33,95
HuntTargetAI,34,68
HuntTargetAI,35,74
HuntTargetAI,36,72
HuntTargetAI,37,90
HuntTargetAI,38,76
HuntTargetAI,39,64
HuntTargetAI,40,70
HuntTargetAI,41,69
HuntTargetAI,42,83
HuntTargetAI,43,86
HuntTargetAI,44,67
HuntTargetAI,45,73
HuntTargetAI,46,61
HuntTargetAI,47,69
HuntTargetAI,48,75
HuntTargetAI,49,68
HuntTargetAI,50,91
HuntTargetAI,51,74
HuntTargetAI,52,70
HuntTargetAI,53,86
HuntTargetAI,54,80
HuntTargetAI,55,81
HuntTargetAI,56,53
HuntTargetAI,57,83
HuntTargetAI,58,64
HuntTargetAI,59,78
HuntTargetAI,60,79
HuntTargetAI,61,87
HuntTargetAI,62,71
HuntTargetAI,63,69
HuntTargetAI,64,70
HuntTargetAI,65,75
HuntTargetAI,66,63
HuntTargetAI,67,85
HuntTargetAI,68,63
HuntTargetAI,69,66
HuntTargetAI,70,76
HuntTargetAI,71,67
HuntTargetAI,72,84
HuntTargetAI,73,82
HuntTargetAI,74,78
HuntTargetAI,75,69
HuntTargetAI,76,65
HuntTargetAI,77,78
HuntTargetAI,78,80
HuntTargetAI,79,66
HuntTargetAI,80,74
HuntTargetAI,81,72
HuntTargetAI,82,68
HuntTargetAI,83,65
HuntTargetAI,84,74
HuntTargetAI,85,61
HuntTargetAI,86,73
HuntTargetAI,87,68
HuntTargetAI,88,68
HuntTargetAI,89,89
HuntTargetAI,90,74
HuntTargetAI,91,63
HuntTargetAI,92,57
HuntTargetAI,93,77
HuntTargetAI,94,56
HuntTargetAI,95,68
HuntTargetAI,96,64
HuntTargetAI,97,68
HuntTargetAI,98,77
HuntTargetAI,99,68
HuntTargetAI,100,66
HuntTargetAI,101,65
HuntTargetAI,102,67
HuntTargetAI,103,63
HuntTargetAI,104,68
HuntTargetAI,105,55
HuntTargetAI,106,82
HuntTargetAI,107,58
HuntTargetAI,108,69
HuntTargetAI,109,63
HuntTargetAI,110,76
HuntTargetAI,111,89
HuntTargetAI,112,81
HuntTargetAI,113,99
HuntTargetAI,114,73
HuntTargetAI,115,85
HuntTargetAI,116,90
HuntTargetAI,117,63
HuntTargetAI,118,81
HuntTargetAI,119,81
HuntTargetAI,120,68
HuntTargetAI,121,56
HuntTargetAI,122,91
HuntTargetAI,123,67
HuntTargetAI,124,66
HuntTargetAI,125,61
HuntTargetAI,126,82
HuntTargetAI,127,47
HuntTargetAI,128,66
HuntTargetAI,129,74
HuntTargetAI,130,65
HuntTargetAI,131,55
HuntTargetAI,132,66
HuntTargetAI,133,68
HuntTargetAI,134,73
HuntTargetAI,135,71
HuntTargetAI,136,69
HuntTargetAI,137,62
HuntTargetAI,138,67
HuntTargetAI,139,88
HuntTargetAI,140,53
HuntTargetAI,141,95
HuntTargetAI,142,60
HuntTargetAI,143,81
HuntTargetAI,144,70
HuntTargetAI,145,72
HuntTargetAI,146,71
HuntTargetAI,147,67
HuntTargetAI,148,65
HuntTargetAI,149,91
HuntTargetAI,150,53
HuntTargetAI,151,83
HuntTargetAI,152,72
HuntTargetAI,153,89
HuntTargetAI,154,80
HuntTargetAI,155,92
HuntTargetAI,156,86
HuntTargetAI,157,73
HuntTargetAI,158,92
HuntTargetAI,159,69
HuntTargetAI,160,96
HuntTargetAI,161,67
HuntTargetAI,162,95
HuntTargetAI,163,65
HuntTargetAI,164,67
HuntTargetAI,165,60
HuntTargetAI,166,57
HuntTargetAI,167,70
HuntTargetAI,168,82
HuntTargetAI,169,72
HuntTargetAI,170,74
HuntTargetAI,171,91
HuntTargetAI,172,60
HuntTargetAI,173,78
HuntTargetAI,174,74
HuntTargetAI,175,76
HuntTargetAI,176,87
HuntTargetAI,177,55
HuntTargetAI,178,85
HuntTargetAI,179,68
HuntTargetAI,180,71
HuntTargetAI,181,52
HuntTargetAI,182,69
HuntTargetAI,183,87
HuntTargetAI,184,85
HuntTargetAI,185,71
HuntTargetAI,186,62
HuntTargetAI,187,76
HuntTargetAI,188,65
HuntTargetAI,189,66
HuntTargetAI,190,70
HuntTargetAI,191,75
HuntTargetAI,192,51
HuntTargetAI,193,62
HuntTargetAI,194,64
HuntTargetAI,195,71
HuntTargetAI,196,65
HuntTargetAI,197,74
HuntTargetAI,198,79
HuntTargetAI,199,73
HuntTargetAI,200,67
HuntTargetAI,201,73
HuntTargetAI,202,88
HuntTargetAI,203,83
HuntTargetAI,204,73
HuntTargetAI,205,87
HuntTargetAI,206,83
HuntTargetAI,207,64
HuntTargetAI,208,62
HuntTargetAI,209,71
HuntTargetAI,210,71
HuntTargetAI,211,62
HuntTargetAI,212,71
HuntTargetAI,213,54
HuntTargetAI,214,79
HuntTargetAI,215,74
HuntTargetAI,216,60
HuntTargetAI,217,90
HuntTargetAI,218,55
HuntTargetAI,219,71
HuntTargetAI,220,68
HuntTargetAI,221,77
HuntTargetAI,222,74
HuntTargetAI,223,79
HuntTargetAI,224,59
HuntTargetAI,225,77
HuntTargetAI,226,68
HuntTargetAI,227,57
HuntTargetAI,228,75
HuntTargetAI,229,68
HuntTargetAI,230,76
HuntTargetAI,231,57
HuntTargetAI,232,62
HuntTargetAI,233,69
HuntTargetAI,234,80
HuntTargetAI,235,61
HuntTargetAI,236,80
HuntTargetAI,237,65
HuntTargetAI,238,85
HuntTargetAI,239,74
HuntTargetAI,240,54
HuntTargetAI,241,70
HuntTargetAI,242,59
HuntTargetAI,243,84
HuntTargetAI,244,62
HuntTargetAI,245,84
HuntTargetAI,246,52
HuntTargetAI,247,73
HuntTargetAI,248,81
HuntTargetAI,249,75
HuntTargetAI,250,67
HuntTargetAI,251,74
HuntTargetAI,252,78
HuntTargetAI,253,65
HuntTargetAI,254,62
HuntTargetAI,255,71
HuntTargetAI,256,74
HuntTargetAI,257,80
HuntTargetAI,258,66
HuntTargetAI,259,80
HuntTargetAI,260,92
HuntTargetAI,261,63
HuntTargetAI,262,65
HuntTargetAI,263,80
HuntTargetAI,264,92
HuntTargetAI,265,83
HuntTargetAI,266,68
HuntTargetAI,267,66
HuntTargetAI,268,69
HuntTargetAI,269,78
HuntTargetAI,270,76
HuntTargetAI,271,78
HuntTargetAI,272,47
HuntTargetAI,273,69
HuntTargetAI,274,79
HuntTargetAI,275,71
HuntTargetAI,276,68
HuntTargetAI,277,59
HuntTargetAI,278,73
HuntTargetAI,279,71
HuntTargetAI,280,75
HuntTargetAI,281,58
HuntTargetAI,282,86
HuntTargetAI,283,62
HuntTargetAI,284,74
HuntTargetAI,285,73
HuntTargetAI,286,68
HuntTargetAI,287,82
HuntTargetAI,288,63
HuntTargetAI,289,47
HuntTargetAI,290,86
HuntTargetAI,291,65
HuntTargetAI,292,79
HuntTargetAI,293,85
HuntTargetAI,294,70
HuntTargetAI,295,50
HuntTargetAI,296,63
HuntTargetAI,297,70
HuntTargetAI,298,61
HuntTargetAI,299,59
HuntTargetAI,300,77
HuntTargetAI,301,62
HuntTargetAI,302,53
HuntTargetAI,303,68
HuntTargetAI,304,79
HuntTargetAI,305,69
HuntTargetAI,306,66
HuntTargetAI,307,86
HuntTargetAI,308,60
HuntTargetAI,309,57
HuntTargetAI,310,64
HuntTargetAI,311,78
HuntTargetAI,312,67
HuntTargetAI,313,54
HuntTargetAI,314,68
HuntTargetAI,315,70
HuntTargetAI,316,74
HuntTargetAI,317,82
HuntTargetAI,318,82
HuntTargetAI,319,63
HuntTargetAI,320,73
HuntTargetAI,321,87
HuntTargetAI,322,57
HuntTargetAI,323,74
HuntTargetAI,324,64
HuntTargetAI,325,82
HuntTargetAI,326,48
HuntTargetAI,327,80
HuntTargetAI,328,68
HuntTargetAI,329,83
HuntTargetAI,330,76
HuntTargetAI,331,88
HuntTargetAI,332,63
HuntTargetAI,333,78
HuntTargetAI,334,66
HuntTargetAI,335,60
HuntTargetAI,336,67
HuntTargetAI,337,82
HuntTargetAI,338,78
HuntTargetAI,339,76
HuntTargetAI,340,73
HuntTargetAI,341,55
HuntTargetAI,342,84
HuntTargetAI,343,83
HuntTargetAI,344,65
HuntTargetAI,345,59
HuntTargetAI,346,82
HuntTargetAI,347,65
HuntTargetAI,348,72
HuntTargetAI,349,86
HuntTargetAI,350,85
HuntTargetAI,351,64
HuntTargetAI,352,86
HuntTargetAI,353,77
HuntTargetAI,354,73
HuntTargetAI,355,87
HuntTargetAI,356,68
HuntTargetAI,357,86
HuntTargetAI,358,76
HuntTargetAI,359,60
HuntTargetAI,360,62
HuntTargetAI,361,71
HuntTargetAI,362,56
HuntTargetAI,363,78
HuntTargetAI,364,65
HuntTargetAI,365,61
HuntTargetAI,366,75
HuntTargetAI,367,65
HuntTargetAI,368,65
HuntTargetAI,369,85
HuntTargetAI,370,60
HuntTargetAI,371,69
HuntTargetAI,372,60
HuntTargetAI,373,78
HuntTargetAI,374,69
HuntTargetAI,375,77
HuntTargetAI,376,63
HuntTargetAI,377,61
HuntTargetAI,378,60
HuntTargetAI,379,89
HuntTargetAI,380,81
HuntTargetAI,381,85
HuntTargetAI,382,90
HuntTargetAI,383,67
HuntTargetAI,384,64
HuntTargetAI,385,73
HuntTargetAI,386,75
HuntTargetAI,387,57
HuntTargetAI,388,64
HuntTargetAI,389,81
HuntTargetAI,390,92
HuntTargetAI,391,71
HuntTargetAI,392,80
HuntTargetAI,393,76
HuntTargetAI,394,89
HuntTargetAI,395,78
HuntTargetAI,396,72
HuntTargetAI,397,74
HuntTargetAI,398,74
HuntTargetAI,399,61
HuntTargetAI,400,86
HuntTargetAI,401,79
HuntTargetAI,402,76
HuntTargetAI,403,75
HuntTargetAI,404,62
HuntTargetAI,405,78
HuntTargetAI,406,73
HuntTargetAI,407,72
HuntTargetAI,408,69
HuntTargetAI,409,83
HuntTargetAI,410,63
HuntTargetAI,411,76
HuntTargetAI,412,72
HuntTargetAI,413,69
HuntTargetAI,414,81
HuntTargetAI,415,63
HuntTargetAI,416,98
HuntTargetAI,417,88
HuntTargetAI,418,62
HuntTargetAI,419,81
HuntTargetAI,420,85
HuntTargetAI,421,66
HuntTargetAI,422,69
HuntTargetAI,423,70
HuntTargetAI,424,71
HuntTargetAI,425,70
HuntTargetAI,426,74
HuntTargetAI,427,88
HuntTargetAI,428,85
HuntTargetAI,429,82
HuntTargetAI,430,75
HuntTargetAI,431,65
HuntTargetAI,432,64
HuntTargetAI,433,85
HuntTargetAI,434,61
HuntTargetAI,435,64
HuntTargetAI,436,62
HuntTargetAI,437,69
HuntTargetAI,438,51
HuntTargetAI,439,73
HuntTargetAI,440,82
HuntTargetAI,441,65
HuntTargetAI,442,95
HuntTargetAI,443,63
HuntTargetAI,444,84
HuntTargetAI,445,90
HuntTargetAI,446,89
HuntTargetAI,447,70
HuntTargetAI,448,67
HuntTargetAI,449,66
HuntTargetAI,450,84
HuntTargetAI,451,62
HuntTargetAI,452,68
HuntTargetAI,453,75
HuntTargetAI,454,65
HuntTargetAI,455,73
HuntTargetAI,456,81
HuntTargetAI,457,61
HuntTargetAI,458,89
HuntTargetAI,459,67
HuntTargetAI,460,61
HuntTargetAI,461,91
HuntTargetAI,462,67
HuntTargetAI,463,63
HuntTargetAI,464,80
HuntTargetAI,465,59
HuntTargetAI,466,61
HuntTargetAI,467,79
HuntTargetAI,468,71
HuntTargetAI,469,57
HuntTargetAI,470,72
HuntTargetAI,471,61
HuntTargetAI,472,86
HuntTargetAI,473,75
HuntTargetAI,474,69
HuntTargetAI,475,86
HuntTargetAI,476,67
HuntTargetAI,477,83
HuntTargetAI,478,78
HuntTargetAI,479,76
HuntTargetAI,480,65
HuntTargetAI,481,61
HuntTargetAI,482,66
HuntTargetAI,483,95
HuntTargetAI,484,61
HuntTargetAI,485,69
HuntTargetAI,486,65
HuntTargetAI,487,83
HuntTargetAI,488,70
HuntTargetAI,489,62
HuntTargetAI,490,61
HuntTargetAI,491,59
HuntTargetAI,492,66
HuntTargetAI,493,68
HuntTargetAI,494,90
HuntTargetAI,495,76
HuntTargetAI,496,60
HuntTargetAI,497,85
HuntTargetAI,498,69
HuntTargetAI,499,55
HuntTargetAI,500,72
HuntTargetAI,501,61
HuntTargetAI,502,68
HuntTargetAI,503,90
HuntTargetAI,504,85
HuntTargetAI,505,76
HuntTargetAI,506,75
HuntTargetAI,507,71
HuntTargetAI,508,71
HuntTargetAI,509,74
HuntTargetAI,510,87
HuntTargetAI,511,78
HuntTargetAI,512,80
HuntTargetAI,513,60
HuntTargetAI,514,61
HuntTargetAI,515,85
HuntTargetAI,516,76
HuntTargetAI,517,91
HuntTargetAI,518,64
HuntTargetAI,519,68
HuntTargetAI,520,73
HuntTargetAI,521,52
HuntTargetAI,522,69
HuntTargetAI,523,75
HuntTargetAI,524,71
HuntTargetAI,525,85
HuntTargetAI,526,61
HuntTargetAI,527,67
HuntTargetAI,528,55
HuntTargetAI,529,82
HuntTargetAI,530,85
HuntTargetAI,531,70
HuntTargetAI,532,61
HuntTargetAI,533,71
HuntTargetAI,534,81
HuntTargetAI,535,78
HuntTargetAI,536,56
HuntTargetAI,537,77
HuntTargetAI,538,74
HuntTargetAI,539,77
HuntTargetAI,540,88
HuntTargetAI,541,55
HuntTargetAI,542,80
HuntTargetAI,543,63
HuntTargetAI,544,67
HuntTargetAI,545,71
HuntTargetAI,546,82
HuntTargetAI,547,57
HuntTargetAI,548,78
HuntTargetAI,549,58
HuntTargetAI,550,66
HuntTargetAI,551,76
HuntTargetAI,552,78
HuntTargetAI,553,75
HuntTargetAI,554,56
HuntTargetAI,555,74
HuntTargetAI,556,54
HuntTargetAI,557,69
HuntTargetAI,558,91
HuntTargetAI,559,68
HuntTargetAI,560,78
HuntTargetAI,561,68
HuntTargetAI,562,72
HuntTargetAI,563,74
HuntTargetAI,564,67
HuntTargetAI,565,69
HuntTargetAI,566,55
HuntTargetAI,567,78
HuntTargetAI,568,83
HuntTargetAI,569,76
HuntTargetAI,570,71
HuntTargetAI,571,75
HuntTargetAI,572,70
HuntTargetAI,573,51
HuntTargetAI,574,82
HuntTargetAI,575,71
HuntTargetAI,576,73
HuntTargetAI,577,75
HuntTargetAI,578,64
HuntTargetAI,579,79
HuntTargetAI,580,69
HuntTargetAI,581,61
HuntTargetAI,582,53
HuntTargetAI,583,73
HuntTargetAI,584,67
HuntTargetAI,585,65
HuntTargetAI,586,73
HuntTargetAI,587,58
HuntTargetAI,588,76
HuntTargetAI,589,76
HuntTargetAI,590,60
HuntTargetAI,591,70
HuntTargetAI,592,54
HuntTargetAI,593,65
HuntTargetAI,594,60
HuntTargetAI,595,67
HuntTargetAI,596,86
HuntTargetAI,597,84
HuntTargetAI,598,79
HuntTargetAI,599,76
HuntTargetAI,600,77
HuntTargetAI,601,85
HuntTargetAI,602,89
HuntTargetAI,603,72
HuntTargetAI,604,92
HuntTargetAI,605,54
HuntTargetAI,606,77
HuntTargetAI,607,66
HuntTargetAI,608,65
HuntTargetAI,609,70
HuntTargetAI,610,88
HuntTargetAI,611,81
HuntTargetAI,612,90
HuntTargetAI,613,72
HuntTargetAI,614,58
HuntTargetAI,615,81
HuntTargetAI,616,85
HuntTargetAI,617,73
HuntTargetAI,618,99
HuntTargetAI,619,72
HuntTargetAI,620,65
HuntTargetAI,621,89
HuntTargetAI,622,71
HuntTargetAI,623,85
HuntTargetAI,624,75
HuntTargetAI,625,88
HuntTargetAI,626,69
HuntTargetAI,627,76
HuntTargetAI,628,60
HuntTargetAI,629,91
HuntTargetAI,630,70
HuntTargetAI,631,75
HuntTargetAI,632,64
HuntTargetAI,633,74
HuntTargetAI,634,93
HuntTargetAI,635,74
HuntTargetAI,636,78
HuntTargetAI,637,81
HuntTargetAI,638,64
HuntTargetAI,639,61
HuntTargetAI,640,58
HuntTargetAI,641,72
HuntTargetAI,642,69
HuntTargetAI,643,58
HuntTargetAI,644,47
HuntTargetAI,645,70
HuntTargetAI,646,65
HuntTargetAI,647,83
HuntTargetAI,648,68
HuntTargetAI,649,79
HuntTargetAI,650,70
HuntTargetAI,651,69
HuntTargetAI,652,82
HuntTargetAI,653,65
HuntTargetAI,654,73
HuntTargetAI,655,55
HuntTargetAI,656,68
HuntTargetAI,657,66
HuntTargetAI,658,89
HuntTargetAI,659,69
HuntTargetAI,660,74
HuntTargetAI,661,76
HuntTargetAI,662,81
HuntTargetAI,663,66
HuntTargetAI,664,66
HuntTargetAI,665,72
HuntTargetAI,666,76
HuntTargetAI,667,77
HuntTargetAI,668,68
HuntTargetAI,669,79
HuntTargetAI,670,80
HuntTargetAI,671,65
HuntTargetAI,672,61
HuntTargetAI,673,64
HuntTargetAI,674,74
HuntTargetAI,675,91
HuntTargetAI,676,66
HuntTargetAI,677,70
HuntTargetAI,678,65
HuntTargetAI,679,61
HuntTargetAI,680,76
HuntTargetAI,681,81
HuntTargetAI,682,64
HuntTargetAI,683,69
HuntTargetAI,684,74
HuntTargetAI,685,64
HuntTargetAI,686,77
HuntTargetAI,687,86
HuntTargetAI,688,56
HuntTargetAI,689,69
HuntTargetAI,690,66
HuntTargetAI,691,80
HuntTargetAI,692,94
HuntTargetAI,693,78
HuntTargetAI,694,67
HuntTargetAI,695,78
HuntTargetAI,696,55
HuntTargetAI,697,58
HuntTargetAI,698,62
HuntTargetAI,699,64
HuntTargetAI,700,93
HuntTargetAI,701,75
HuntTargetAI,702,67
HuntTargetAI,703,79
HuntTargetAI,704,76
HuntTargetAI,705,88
HuntTargetAI,706,83
HuntTargetAI,707,75
HuntTargetAI,708,69
HuntTargetAI,709,80
HuntTargetAI,710,70
HuntTargetAI,711,82
HuntTargetAI,712,78
HuntTargetAI,713,74
HuntTargetAI,714,84
HuntTargetAI,715,75
HuntTargetAI,716,63
HuntTargetAI,717,77
HuntTargetAI,718,55
HuntTargetAI,719,81
HuntTargetAI,720,94
HuntTargetAI,721,78
HuntTargetAI,722,75
HuntTargetAI,723,88
HuntTargetAI,724,75
HuntTargetAI,725,58
HuntTargetAI,726,85
HuntTargetAI,727,78
HuntTargetAI,728,89
HuntTargetAI,729,71
HuntTargetAI,730,95
HuntTargetAI,731,67
HuntTargetAI,732,65
HuntTargetAI,733,71
HuntTargetAI,734,73
HuntTargetAI,735,73
HuntTargetAI,736,69
HuntTargetAI,737,70
HuntTargetAI,738,92
HuntTargetAI,739,66
HuntTargetAI,740,58
HuntTargetAI,741,83
HuntTargetAI,742,74
HuntTargetAI,743,81
HuntTargetAI,744,71
HuntTargetAI,745,84
HuntTargetAI,746,78
HuntTargetAI,747,83
HuntTargetAI,748,72
HuntTargetAI,749,71
HuntTargetAI,750,53
HuntTargetAI,751,48
HuntTargetAI,752,65
HuntTargetAI,753,66
HuntTargetAI,754,93
HuntTargetAI,755,64
HuntTargetAI,756,82
HuntTargetAI,757,87
HuntTargetAI,758,71
HuntTargetAI,759,65
HuntTargetAI,760,59
HuntTargetAI,761,67
HuntTargetAI,762,84
HuntTargetAI,763,72
HuntTargetAI,764,77
HuntTargetAI,765,77
HuntTargetAI,766,74
HuntTargetAI,767,76
HuntTargetAI,768,74
HuntTargetAI,769,71
HuntTargetAI,770,61
HuntTargetAI,771,67
HuntTargetAI,772,83
HuntTargetAI,773,80
HuntTargetAI,774,75
HuntTargetAI,775,57
HuntTargetAI,776,59
HuntTargetAI,777,72
HuntTargetAI,778,89
HuntTargetAI,779,69
HuntTargetAI,780,94
HuntTargetAI,781,81
HuntTargetAI,782,76
HuntTargetAI,783,74
HuntTargetAI,784,53
HuntTargetAI,785,73
HuntTargetAI,786,84
HuntTargetAI,787,73
HuntTargetAI,788,71
HuntTargetAI,789,90
HuntTargetAI,790,89
HuntTargetAI,791,63
HuntTargetAI,792,91
HuntTargetAI,793,91
HuntTargetAI,794,75
HuntTargetAI,795,88
HuntTargetAI,796,100
HuntTargetAI,797,76
HuntTargetAI,798,91
HuntTargetAI,799,77
HuntTargetAI,800,94
HuntTargetAI,801,57
HuntTargetAI,802,64
HuntTargetAI,803,76
HuntTargetAI,804,71
HuntTargetAI,805,63
HuntTargetAI,806,88
HuntTargetAI,807,53
HuntTargetAI,808,84
HuntTargetAI,809,59
HuntTargetAI,810,65
HuntTargetAI,811,72
HuntTargetAI,812,57
HuntTargetAI,813,83
HuntTargetAI,814,67
HuntTargetAI,815,73
HuntTargetAI,816,70
HuntTargetAI,817,80
HuntTargetAI,818,86
HuntTargetAI,819,56
HuntTargetAI,820,66
HuntTargetAI,821,54
HuntTargetAI,822,53
HuntTargetAI,823,70
HuntTargetAI,824,76
HuntTargetAI,825,68
HuntTargetAI,826,65
HuntTargetAI,827,85
HuntTargetAI,828,67
HuntTargetAI,829,79
HuntTargetAI,830,62
HuntTargetAI,831,82
HuntTargetAI,832,79
HuntTargetAI,833,66
HuntTargetAI,834,78
HuntTargetAI,835,79
HuntTargetAI,836,76
HuntTargetAI,837,95
HuntTargetAI,838,69
HuntTargetAI,839,56
HuntTargetAI,840,63
HuntTargetAI,841,92
HuntTargetAI,842,69
HuntTargetAI,843,76
HuntTargetAI,844,56
HuntTargetAI,845,71
HuntTargetAI,846,78
HuntTargetAI,847,60
HuntTargetAI,848,87
HuntTargetAI,849,70
HuntTargetAI,850,69
HuntTargetAI,851,68
HuntTargetAI,852,83
HuntTargetAI,853,73
HuntTargetAI,854,68
HuntTargetAI,855,68
HuntTargetAI,856,69
HuntTargetAI,857,64
HuntTargetAI,858,59
HuntTargetAI,859,87
HuntTargetAI,860,84
HuntTargetAI,861,67
HuntTargetAI,862,82
HuntTargetAI,863,80
HuntTargetAI,864,61
HuntTargetAI,865,65
HuntTargetAI,866,51
HuntTargetAI,867,81
HuntTargetAI,868,53
HuntTargetAI,869,63
HuntTargetAI,870,77
HuntTargetAI,871,72
HuntTargetAI,872,66
HuntTargetAI,873,78
HuntTargetAI,874,74
HuntTargetAI,875,93
HuntTargetAI,876,73
HuntTargetAI,877,75
HuntTargetAI,878,72
HuntTargetAI,879,67
HuntTargetAI,880,98
HuntTargetAI,881,63
HuntTargetAI,882,81
HuntTargetAI,883,65
HuntTargetAI,884,67
HuntTargetAI,885,74
HuntTargetAI,886,81
HuntTargetAI,887,89
HuntTargetAI,888,83
HuntTargetAI,889,64
HuntTargetAI,890,76
HuntTargetAI,891,72
HuntTargetAI,892,80
HuntTargetAI,893,63
HuntTargetAI,894,65
HuntTargetAI,895,70
HuntTargetAI,896,73
HuntTargetAI,897,69
HuntTargetAI,898,65
HuntTargetAI,899,93
HuntTargetAI,900,63
HuntTargetAI,901,69
HuntTargetAI,902,74
HuntTargetAI,903,78
HuntTargetAI,904,68
HuntTargetAI,905,87
HuntTargetAI,906,79
HuntTargetAI,907,65
HuntTargetAI,908,61
HuntTargetAI,909,84
HuntTargetAI,910,64
HuntTargetAI,911,83
HuntTargetAI,912,57
HuntTargetAI,913,96
HuntTargetAI,914,65
HuntTargetAI,915,76
HuntTargetAI,916,64
HuntTargetAI,917,61
HuntTargetAI,918,61
HuntTargetAI,919,69
HuntTargetAI,920,69
HuntTargetAI,921,70
HuntTargetAI,922,70
HuntTargetAI,923,54
HuntTargetAI,924,74
HuntTargetAI,925,57
HuntTargetAI,926,64
HuntTargetAI,927,70
HuntTargetAI,928,74
HuntTargetAI,929,77
HuntTargetAI,930,73
HuntTargetAI,931,57
HuntTargetAI,932,82
HuntTargetAI,933,61
HuntTargetAI,934,68
HuntTargetAI,935,79
HuntTargetAI,936,69
HuntTargetAI,937,84
HuntTargetAI,938,75
HuntTargetAI,939,93
HuntTargetAI,940,69
HuntTargetAI,941,66
HuntTargetAI,942,68
HuntTargetAI,943,81
HuntTargetAI,944,77
HuntTargetAI,945,63
HuntTargetAI,946,66
HuntTargetAI,947,89
HuntTargetAI,948,61
HuntTargetAI,949,65
HuntTargetAI,950,68
HuntTargetAI,951,86
HuntTargetAI,952,79
HuntTargetAI,953,72
HuntTargetAI,954,73
HuntTargetAI,955,66
HuntTargetAI,956,94
HuntTargetAI,957,75
HuntTargetAI,958,69
HuntTargetAI,959,70
HuntTargetAI,960,69
HuntTargetAI,961,72
HuntTargetAI,962,64
HuntTargetAI,963,69
HuntTargetAI,964,69
HuntTargetAI,965,58
HuntTargetAI,966,90
HuntTargetAI,967,55
HuntTargetAI,968,55
HuntTargetAI,969,65
HuntTargetAI,970,97
HuntTargetAI,971,63
HuntTargetAI,972,57
HuntTargetAI,973,74
HuntTargetAI,974,73
HuntTargetAI,975,57
HuntTargetAI,976,68
HuntTargetAI,977,53
HuntTargetAI,978,73
HuntTargetAI,979,55
HuntTargetAI,980,68
HuntTargetAI,981,68
HuntTargetAI,982,65
HuntTargetAI,983,55
HuntTargetAI,984,69
HuntTargetAI,985,69
HuntTargetAI,986,65
HuntTargetAI,987,80
HuntTargetAI,988,82
HuntTargetAI,989,73
HuntTargetAI,990,70
HuntTargetAI,991,67
HuntTargetAI,992,73
HuntTargetAI,993,90
HuntTargetAI,994,80
HuntTargetAI,995,96
HuntTargetAI,996,76
HuntTargetAI,997,74
HuntTargetAI,998,69
HuntTargetAI,999,65
HuntTargetAI,1000,56
OriginalGroupAI,1,71
OriginalGroupAI,2,78
OriginalGroupAI,3,88
OriginalGroupAI,4,81
OriginalGroupAI,5,116
OriginalGroupAI,6,78
OriginalGroupAI,7,93
OriginalGroupAI,8,67
OriginalGroupAI,9,89
OriginalGroupAI,10,96
OriginalGroupAI,11,76
OriginalGroupAI,12,119
OriginalGroupAI,13,75
OriginalGroupAI,14,79
OriginalGroupAI,15,77
OriginalGroupAI,16,106
OriginalGroupAI,17,115
OriginalGroupAI,18,100
OriginalGroupAI,19,88
OriginalGroupAI,20,82
OriginalGroupAI,21,103
OriginalGroupAI,22,94
OriginalGroupAI,23,110
OriginalGroupAI,24,60
OriginalGroupAI,25,99
OriginalGroupAI,26,59
OriginalGroupAI,27,97
OriginalGroupAI,28,88
OriginalGroupAI,29,93
OriginalGroupAI,30,115
OriginalGroupAI,31,80
OriginalGroupAI,32,104
OriginalGroupAI,33,85
OriginalGroupAI,34,86
OriginalGroupAI,35,94
OriginalGroupAI,36,58
OriginalGroupAI,37,77
OriginalGroupAI,38,90
OriginalGroupAI,39,92
OriginalGroupAI,40,99
OriginalGroupAI,41,113
OriginalGroupAI,42,64
OriginalGroupAI,43,53
OriginalGroupAI,44,101
OriginalGroupAI,45,58
OriginalGroupAI,46,105
OriginalGroupAI,47,97
OriginalGroupAI,48,82
OriginalGroupAI,49,70
OriginalGroupAI,50,116
OriginalGroupAI,51,65
OriginalGroupAI,52,100
OriginalGroupAI,53,90
OriginalGroupAI,54,102
OriginalGroupAI,55,103
OriginalGroupAI,56,66
OriginalGroupAI,57,98
OriginalGroupAI,58,61
OriginalGroupAI,59,64
OriginalGroupAI,60,67
OriginalGroupAI,61,105
OriginalGroupAI,62,55
OriginalGroupAI,63,112
OriginalGroupAI,64,106
OriginalGroupAI,65,84
OriginalGroupAI,66,86
OriginalGroupAI,67,82
OriginalGroupAI,68,103
OriginalGroupAI,69,82
OriginalGroupAI,70,70
OriginalGroupAI,71,108
OriginalGroupAI,72,94
OriginalGroupAI,73,93
OriginalGroupAI,74,43
OriginalGroupAI,75,100
OriginalGroupAI,76,94
OriginalGroupAI,77,110
OriginalGroupAI,78,95
OriginalGroupAI,79,80
OriginalGroupAI,80,102
OriginalGroupAI,81,74
OriginalGroupAI,82,64
OriginalGroupAI,83,90
OriginalGroupAI,84,109
OriginalGroupAI,85,96
OriginalGroupAI,86,51
OriginalGroupAI,87,84
OriginalGroupAI,88,113
OriginalGroupAI,89,60
OriginalGroupAI,90,68
OriginalGroupAI,91,67
OriginalGroupAI,92,105
OriginalGroupAI,93,84
OriginalGroupAI,94,70
OriginalGroupAI,95,92
OriginalGroupAI,96,99
OriginalGroupAI,97,91
OriginalGroupAI,98,115
OriginalGroupAI,99,95
OriginalGroupAI,100,90
OriginalGroupAI,101,93
OriginalGroupAI,102,69
OriginalGroupAI,103,115
OriginalGroupAI,104,52
OriginalGroupAI,105,108
OriginalGroupAI,106,104
OriginalGroupAI,107,104
OriginalGroupAI,108,105
OriginalGroupAI,109,95
OriginalGroupAI,110,76
OriginalGroupAI,111,78
OriginalGroupAI,112,107
OriginalGroupAI,113,79
OriginalGroupAI,114,114
OriginalGroupAI,115,116
OriginalGroupAI,116,72
OriginalGroupAI,117,81
OriginalGroupAI,118,84
OriginalGroupAI,119,103
OriginalGroupAI,120,101
OriginalGroupAI,121,57
OriginalGroupAI,122,96
OriginalGroupAI,123,73
OriginalGroupAI,124,88
OriginalGroupAI,125,107
OriginalGroupAI,126,67
OriginalGroupAI,127,119
OriginalGroupAI,128,64
OriginalGroupAI,129,87
OriginalGroupAI,130,107
OriginalGroupAI,131,111
OriginalGroupAI,132,102
OriginalGroupAI,133,113
OriginalGroupAI,134,94
OriginalGroupAI,135,59
OriginalGroupAI,136,85
OriginalGroupAI,137,58
OriginalGroupAI,138,96
OriginalGroupAI,139,108
OriginalGroupAI,140,66
OriginalGroupAI,141,100
OriginalGroupAI,142,69
OriginalGroupAI,143,97
OriginalGroupAI,144,114
OriginalGroupAI,145,95
OriginalGroupAI,146,113
OriginalGroupAI,147,110
OriginalGroupAI,148,102
OriginalGroupAI,149,109
OriginalGroupAI,150,86
OriginalGroupAI,151,102
OriginalGroupAI,152,78
OriginalGroupAI,153,113
OriginalGroupAI,154,96
OriginalGroupAI,155,116
OriginalGroupAI,156,91
OriginalGroupAI,157,69
OriginalGroupAI,158,85
OriginalGroupAI,159,115
OriginalGroupAI,160,74
OriginalGroupAI,161,108
OriginalGroupAI,162,78
OriginalGroupAI,163,87
OriginalGroupAI,164,106
OriginalGroupAI,165,96
OriginalGroupAI,166,113
OriginalGroupAI,167,93
OriginalGroupAI,168,117
OriginalGroupAI,169,89
OriginalGroupAI,170,85
OriginalGroupAI,171,105
OriginalGroupAI,172,96
OriginalGroupAI,173,72
OriginalGroupAI,174,68
OriginalGroupAI,175,96
OriginalGroupAI,176,112
OriginalGroupAI,177,104
OriginalGroupAI,178,105
OriginalGroupAI,179,114
OriginalGroupAI,180,68
OriginalGroupAI,181,83
OriginalGroupAI,182,87
OriginalGroupAI,183,107
OriginalGroupAI,184,115
OriginalGroupAI,185,77
OriginalGroupAI,186,96
OriginalGroupAI,187,101
OriginalGroupAI,188,96
OriginalGroupAI,189,115
OriginalGroupAI,190,85
OriginalGroupAI,191,73
OriginalGroupAI,192,97
OriginalGroupAI,193,88
OriginalGroupAI,194,106
OriginalGroupAI,195,69
OriginalGroupAI,196,101
OriginalGroupAI,197,72
OriginalGroupAI,198,68
OriginalGroupAI,199,69
OriginalGroupAI,200,96
OriginalGroupAI,201,74
OriginalGroupAI,202,58
OriginalGroupAI,203,111
OriginalGroupAI,204,76
OriginalGroupAI,205,100
OriginalGroupAI,206,88
OriginalGroupAI,207,86
OriginalGroupAI,208,110
OriginalGroupAI,209,68
OriginalGroupAI,210,108
OriginalGroupAI,211,72
OriginalGroupAI,212,86
OriginalGroupAI,213,108
OriginalGroupAI,214,100
OriginalGroupAI,215,102
OriginalGroupAI,216,90
OriginalGroupAI,217,77
OriginalGroupAI,218,72
OriginalGroupAI,219,66
OriginalGroupAI,220,87
OriginalGroupAI,221,78
OriginalGroupAI,222,73
OriginalGroupAI,223,71
OriginalGroupAI,224,76
OriginalGroupAI,225,114
OriginalGroupAI,226,85
OriginalGroupAI,227,89
OriginalGroupAI,228,73
OriginalGroupAI,229,98
OriginalGroupAI,230,89
OriginalGroupAI,231,93
OriginalGroupAI,232,54
OriginalGroupAI,233,106
OriginalGroupAI,234,88
OriginalGroupAI,235,79
OriginalGroupAI,236,104
OriginalGroupAI,237,74
OriginalGroupAI,238,115
OriginalGroupAI,239,84
OriginalGroupAI,240,92
OriginalGroupAI,241,51
OriginalGroupAI,242,93
OriginalGroupAI,243,95
OriginalGroupAI,244,114
OriginalGroupAI,245,106
OriginalGroupAI,246,96
OriginalGroupAI,247,78
OriginalGroupAI,248,99
OriginalGroupAI,249,70
OriginalGroupAI,250,118
OriginalGroupAI,251,67
OriginalGroupAI,252,103
OriginalGroupAI,253,104
OriginalGroupAI,254,101
OriginalGroupAI,255,79
OriginalGroupAI,256,65
OriginalGroupAI,257,106
OriginalGroupAI,258,68
OriginalGroupAI,259,99
OriginalGroupAI,260,112
OriginalGroupAI,261,70
OriginalGroupAI,262,69
OriginalGroupAI,263,88
OriginalGroupAI,264,64
OriginalGroupAI,265,102
OriginalGroupAI,266,99
OriginalGroupAI,267,105
OriginalGroupAI,268,114
OriginalGroupAI,269,76
OriginalGroupAI,270,46
OriginalGroupAI,271,115
OriginalGroupAI,272,57
OriginalGroupAI,273,45
OriginalGroupAI,274,88
OriginalGroupAI,275,108
OriginalGroupAI,276,61
OriginalGroupAI,277,90
OriginalGroupAI,278,92
OriginalGroupAI,279,71
OriginalGroupAI,280,74
OriginalGroupAI,281,80
OriginalGroupAI,282,94
OriginalGroupAI,283,104
OriginalGroupAI,284,94
OriginalGroupAI,285,85
OriginalGroupAI,286,94
OriginalGroupAI,287,108
OriginalGroupAI,288,114
OriginalGroupAI,289,105
OriginalGroupAI,290,74
OriginalGroupAI,291,112
OriginalGroupAI,292,72
OriginalGroupAI,293,68
OriginalGroupAI,294,71
OriginalGroupAI,295,115
OriginalGroupAI,296,111
OriginalGroupAI,297,110
OriginalGroupAI,298,86
OriginalGroupAI,299,99
OriginalGroupAI,300,102
OriginalGroupAI,301,112
OriginalGroupAI,302,103
OriginalGroupAI,303,92
OriginalGroupAI,304,112
OriginalGroupAI,305,46
OriginalGroupAI,306,63
OriginalGroupAI,307,84
OriginalGroupAI,308,108
OriginalGroupAI,309,87
OriginalGroupAI,310,72
OriginalGroupAI,311,106
OriginalGroupAI,312,105
OriginalGroupAI,313,86
OriginalGroupAI,314,108
OriginalGroupAI,315,63
OriginalGroupAI,316,53
OriginalGroupAI,317,113
OriginalGroupAI,318,99
OriginalGroupAI,319,94
OriginalGroupAI,320,113
OriginalGroupAI,321,74
OriginalGroupAI,322,71
OriginalGroupAI,323,113
OriginalGroupAI,324,84
OriginalGroupAI,325,87
OriginalGroupAI,326,82
OriginalGroupAI,327,112
OriginalGroupAI,328,90
OriginalGroupAI,329,87
OriginalGroupAI,330,110
OriginalGroupAI,331,108
OriginalGroupAI,332,111
OriginalGroupAI,333,75
OriginalGroupAI,334,101
OriginalGroupAI,335,64
OriginalGroupAI,336,87
OriginalGroupAI,337,110
OriginalGroupAI,338,62
OriginalGroupAI,339,107
OriginalGroupAI,340,83
OriginalGroupAI,341,109
OriginalGroupAI,342,54
OriginalGroupAI,343,90
OriginalGroupAI,344,70
OriginalGroupAI,345,42
OriginalGroupAI,346,89
OriginalGroupAI,347,42
OriginalGroupAI,348,116
OriginalGroupAI,349,97
OriginalGroupAI,350,114
OriginalGroupAI,351,113
OriginalGroupAI,352,70
OriginalGroupAI,353,85
OriginalGroupAI,354,86
OriginalGroupAI,355,89
OriginalGroupAI,356,86
OriginalGroupAI,357,80
OriginalGroupAI,358,108
OriginalGroupAI,359,78
OriginalGroupAI,360,107
OriginalGroupAI,361,100
OriginalGroupAI,362,121
OriginalGroupAI,363,53
OriginalGroupAI,364,60
OriginalGroupAI,365,113
OriginalGroupAI,366,82
OriginalGroupAI,367,99
OriginalGroupAI,368,81
OriginalGroupAI,369,89
OriginalGroupAI,370,93
OriginalGroupAI,371,108
OriginalGroupAI,372,110
OriginalGroupAI,373,104
OriginalGroupAI,374,80
OriginalGroupAI,375,112
OriginalGroupAI,376,89
OriginalGroupAI,377,86
OriginalGroupAI,378,91
OriginalGroupAI,379,113
OriginalGroupAI,380,77
OriginalGroupAI,381,66
OriginalGroupAI,382,118
OriginalGroupAI,383,110
OriginalGroupAI,384,97
OriginalGroupAI,385,76
OriginalGroupAI,386,72
OriginalGroupAI,387,91
OriginalGroupAI,388,92
OriginalGroupAI,389,115
OriginalGroupAI,390,107
OriginalGroupAI,391,66
OriginalGroupAI,392,111
OriginalGroupAI,393,62
OriginalGroupAI,394,111
OriginalGroupAI,395,111
OriginalGroupAI,396,79
OriginalGroupAI,397,99
OriginalGroupAI,398,92
OriginalGroupAI,399,100
OriginalGroupAI,400,83
OriginalGroupAI,401,103
OriginalGroupAI,402,88
OriginalGroupAI,403,95
OriginalGroupAI,404,107
OriginalGroupAI,405,97
OriginalGroupAI,406,112
OriginalGroupAI,407,107
OriginalGroupAI,408,103
OriginalGroupAI,409,78
OriginalGroupAI,410,110
OriginalGroupAI,411,113
OriginalGroupAI,412,105
OriginalGroupAI,413,78
OriginalGroupAI,414,85
OriginalGroupAI,415,109
OriginalGroupAI,416,84
OriginalGroupAI,417,60
OriginalGroupAI,418,67
OriginalGroupAI,419,112
OriginalGroupAI,420,100
OriginalGroupAI,421,100
OriginalGroupAI,422,104
OriginalGroupAI,423,81
OriginalGroupAI,424,111
OriginalGroupAI,425,73
OriginalGroupAI,426,62
OriginalGroupAI,427,112
OriginalGroupAI,428,105
OriginalGroupAI,429,79
OriginalGroupAI,430,112
OriginalGroupAI,431,109
OriginalGroupAI,432,100
OriginalGroupAI,433,106
OriginalGroupAI,434,72
OriginalGroupAI,435,101
OriginalGroupAI,436,79
OriginalGroupAI,437,95
OriginalGroupAI,438,98
OriginalGroupAI,439,36
OriginalGroupAI,440,72
OriginalGroupAI,441,32
OriginalGroupAI,442,63
OriginalGroupAI,443,53
OriginalGroupAI,444,107
OriginalGroupAI,445,93
OriginalGroupAI,446,94
OriginalGroupAI,447,112
OriginalGroupAI,448,78
OriginalGroupAI,449,91
OriginalGroupAI,450,84
OriginalGroupAI,451,92
OriginalGroupAI,452,104
OriginalGroupAI,453,102
OriginalGroupAI,454,96
OriginalGroupAI,455,98
OriginalGroupAI,456,55
OriginalGroupAI,457,107
OriginalGroupAI,458,76
OriginalGroupAI,459,65
OriginalGroupAI,460,98
OriginalGroupAI,461,113
OriginalGroupAI,462,56
OriginalGroupAI,463,61
OriginalGroupAI,464,76
OriginalGroupAI,465,87
OriginalGroupAI,466,79
OriginalGroupAI,467,80
OriginalGroupAI,468,97
OriginalGroupAI,469,110
OriginalGroupAI,470,107
OriginalGroupAI,471,53
OriginalGroupAI,472,59
OriginalGroupAI,473,69
OriginalGroupAI,474,115
OriginalGroupAI,475,107
OriginalGroupAI,476,109
OriginalGroupAI,477,111
OriginalGroupAI,478,105
OriginalGroupAI,479,107
OriginalGroupAI,480,84
OriginalGroupAI,481,105
OriginalGroupAI,482,98
OriginalGroupAI,483,111
OriginalGroupAI,484,113
OriginalGroupAI,485,112
OriginalGroupAI,486,96
OriginalGroupAI,487,59
OriginalGroupAI,488,100
OriginalGroupAI,489,96
OriginalGroupAI,490,107
OriginalGroupAI,491,86
OriginalGroupAI,492,57
OriginalGroupAI,493,112
OriginalGroupAI,494,97
OriginalGroupAI,495,94
OriginalGroupAI,496,106
OriginalGroupAI,497,75
OriginalGroupAI,498,102
OriginalGroupAI,499,104
OriginalGroupAI,500,95
OriginalGroupAI,501,112
OriginalGroupAI,502,79
OriginalGroupAI,503,78
OriginalGroupAI,504,104
OriginalGroupAI,505,72
OriginalGroupAI,506,81
OriginalGroupAI,507,106
OriginalGroupAI,508,68
OriginalGroupAI,509,54
OriginalGroupAI,510,91
OriginalGroupAI,511,72
OriginalGroupAI,512,108
OriginalGroupAI,513,106
OriginalGroupAI,514,114
OriginalGroupAI,515,116
OriginalGroupAI,516,103
OriginalGroupAI,517,111
OriginalGroupAI,518,91
OriginalGroupAI,519,75
OriginalGroupAI,520,69
OriginalGroupAI,521,100
OriginalGroupAI,522,92
OriginalGroupAI,523,105
OriginalGroupAI,524,109
OriginalGroupAI,525,83
OriginalGroupAI,526,103
OriginalGroupAI,527,103
OriginalGroupAI,528,82
OriginalGroupAI,529,86
OriginalGroupAI,530,81
OriginalGroupAI,531,114
OriginalGroupAI,532,99
OriginalGroupAI,533,107
OriginalGroupAI,534,87
OriginalGroupAI,535,109
OriginalGroupAI,536,63
OriginalGroupAI,537,108
OriginalGroupAI,538,82
OriginalGroupAI,539,77
OriginalGroupAI,540,112
OriginalGroupAI,541,78
OriginalGroupAI,542,102
OriginalGroupAI,543,58
OriginalGroupAI,544,96
OriginalGroupAI,545,109
OriginalGroupAI,546,91
OriginalGroupAI,547,84
OriginalGroupAI,548,76
OriginalGroupAI,549,77
OriginalGroupAI,550,110
OriginalGroupAI,551,103
OriginalGroupAI,552,58
OriginalGroupAI,553,93
OriginalGroupAI,554,98
OriginalGroupAI,555,101
OriginalGroupAI,556,108
OriginalGroupAI,557,62
OriginalGroupAI,558,74
OriginalGroupAI,559,100
OriginalGroupAI,560,90
OriginalGroupAI,561,101
OriginalGroupAI,562,82
OriginalGroupAI,563,72
OriginalGroupAI,564,106
OriginalGroupAI,565,93
OriginalGroupAI,566,86
OriginalGroupAI,567,97
OriginalGroupAI,568,80
OriginalGroupAI,569,73
OriginalGroupAI,570,108
OriginalGroupAI,571,75
OriginalGroupAI,572,89
OriginalGroupAI,573,69
OriginalGroupAI,574,89
OriginalGroupAI,575,78
OriginalGroupAI,576,87
OriginalGroupAI,577,80
OriginalGroupAI,578,112
OriginalGroupAI,579,94
OriginalGroupAI,580,74
OriginalGroupAI,581,104
OriginalGroupAI,582,56
OriginalGroupAI,583,105
OriginalGroupAI,584,91
OriginalGroupAI,585,94
OriginalGroupAI,586,66
OriginalGroupAI,587,99
OriginalGroupAI,588,75
OriginalGroupAI,589,97
OriginalGroupAI,590,85
OriginalGroupAI,591,100
OriginalGroupAI,592,76
OriginalGroupAI,593,111
OriginalGroupAI,594,86
OriginalGroupAI,595,91
OriginalGroupAI,596,59
OriginalGroupAI,597,87
OriginalGroupAI,598,91
OriginalGroupAI,599,95
OriginalGroupAI,600,64
OriginalGroupAI,601,106
OriginalGroupAI,602,96
OriginalGroupAI,603,81
OriginalGroupAI,604,109
OriginalGroupAI,605,104
OriginalGroupAI,606,96
OriginalGroupAI,607,107
OriginalGroupAI,608,117
OriginalGroupAI,609,48
OriginalGroupAI,610,103
OriginalGroupAI,611,66
OriginalGroupAI,612,73
OriginalGroupAI,613,95
OriginalGroupAI,614,74
OriginalGroupAI,615,97
OriginalGroupAI,616,112
OriginalGroupAI,617,62
OriginalGroupAI,618,116
OriginalGroupAI,619,67
OriginalGroupAI,620,109
OriginalGroupAI,621,91
OriginalGroupAI,622,107
OriginalGroupAI,623,56
OriginalGroupAI,624,88
OriginalGroupAI,625,83
OriginalGroupAI,626,40
OriginalGroupAI,627,89
OriginalGroupAI,628,103
OriginalGroupAI,629,84
OriginalGroupAI,630,104
OriginalGroupAI,631,97
OriginalGroupAI,632,101
OriginalGroupAI,633,81
OriginalGroupAI,634,82
OriginalGroupAI,635,66
OriginalGroupAI,636,75
OriginalGroupAI,637,98
OriginalGroupAI,638,100
OriginalGroupAI,639,90
OriginalGroupAI,640,109
OriginalGroupAI,641,93
OriginalGroupAI,642,104
OriginalGroupAI,643,91
OriginalGroupAI,644,108
OriginalGroupAI,645,62
OriginalGroupAI,646,110
OriginalGroupAI,647,101
OriginalGroupAI,648,84
OriginalGroupAI,649,77
OriginalGroupAI,650,69
OriginalGroupAI,651,91
OriginalGroupAI,652,105
OriginalGroupAI,653,92
OriginalGroupAI,654,95
OriginalGroupAI,655,97
OriginalGroupAI,656,49
OriginalGroupAI,657,90
OriginalGroupAI,658,84
OriginalGroupAI,659,54
OriginalGroupAI,660,111
OriginalGroupAI,661,82
OriginalGroupAI,662,84
OriginalGroupAI,663,50
OriginalGroupAI,664,65
OriginalGroupAI,665,96
OriginalGroupAI,666,90
OriginalGroupAI,667,74
OriginalGroupAI,668,112
OriginalGroupAI,669,97
OriginalGroupAI,670,57
OriginalGroupAI,671,110
OriginalGroupAI,672,115
OriginalGroupAI,673,58
OriginalGroupAI,674,81
OriginalGroupAI,675,85
OriginalGroupAI,676,79
OriginalGroupAI,677,111
OriginalGroupAI,678,91
OriginalGroupAI,679,70
OriginalGroupAI,680,111
OriginalGroupAI,681,93
OriginalGroupAI,682,83
OriginalGroupAI,683,85
OriginalGroupAI,684,68
OriginalGroupAI,685,65
OriginalGroupAI,686,105
OriginalGroupAI,687,117
OriginalGroupAI,688,102
OriginalGroupAI,689,82
OriginalGroupAI,690,51
OriginalGroupAI,691,106
OriginalGroupAI,692,54
OriginalGroupAI,693,110
OriginalGroupAI,694,104
OriginalGroupAI,695,110
OriginalGroupAI,696,80
OriginalGroupAI,697,115
OriginalGroupAI,698,90
OriginalGroupAI,699,59
OriginalGroupAI,700,102
OriginalGroupAI,701,94
OriginalGroupAI,702,115
OriginalGroupAI,703,59
OriginalGroupAI,704,48
OriginalGroupAI,705,73
OriginalGroupAI,706,58
OriginalGroupAI,707,104
OriginalGroupAI,708,107
OriginalGroupAI,709,81
OriginalGroupAI,710,82
OriginalGroupAI,711,80
OriginalGroupAI,712,108
OriginalGroupAI,713,71
OriginalGroupAI,714,83
OriginalGroupAI,715,109
OriginalGroupAI,716,96
OriginalGroupAI,717,103
OriginalGroupAI,718,109
OriginalGroupAI,719,111
OriginalGroupAI,720,91
OriginalGroupAI,721,67
OriginalGroupAI,722,50
OriginalGroupAI,723,116
OriginalGroupAI,724,99
OriginalGroupAI,725,101
OriginalGroupAI,726,83
OriginalGroupAI,727,116
OriginalGroupAI,728,95
OriginalGroupAI,729,87
OriginalGroupAI,730,73
OriginalGroupAI,731,84
OriginalGroupAI,732,61
OriginalGroupAI,733,114
OriginalGroupAI,734,110
OriginalGroupAI,735,100
OriginalGroupAI,736,112
OriginalGroupAI,737,70
OriginalGroupAI,738,83
OriginalGroupAI,739,111
OriginalGroupAI,740,86
OriginalGroupAI,741,91
OriginalGroupAI,742,105
OriginalGroupAI,743,77
OriginalGroupAI,744,65
OriginalGroupAI,745,77
OriginalGroupAI,746,106
OriginalGroupAI,747,54
OriginalGroupAI,748,102
OriginalGroupAI,749,110
OriginalGroupAI,750,88
OriginalGroupAI,751,110
OriginalGroupAI,752,60
OriginalGroupAI,753,87
OriginalGroupAI,754,86
OriginalGroupAI,755,94
OriginalGroupAI,756,112
OriginalGroupAI,757,102
OriginalGroupAI,758,108
OriginalGroupAI,759,103
OriginalGroupAI,760,56
OriginalGroupAI,761,115
OriginalGroupAI,762,107
OriginalGroupAI,763,102
OriginalGroupAI,764,111
OriginalGroupAI,765,97
OriginalGroupAI,766,75
OriginalGroupAI,767,94
OriginalGroupAI,768,113
OriginalGroupAI,769,114
OriginalGroupAI,770,96
OriginalGroupAI,771,85
OriginalGroupAI,772,104
OriginalGroupAI,773,94
OriginalGroupAI,774,74
OriginalGroupAI,775,54
OriginalGroupAI,776,58
OriginalGroupAI,777,93
OriginalGroupAI,778,99
OriginalGroupAI,779,104
OriginalGroupAI,780,82
OriginalGroupAI,781,97
OriginalGroupAI,782,99
OriginalGroupAI,783,104
OriginalGroupAI,784,72
OriginalGroupAI,785,116
OriginalGroupAI,786,114
OriginalGroupAI,787,59
OriginalGroupAI,788,99
OriginalGroupAI,789,80
OriginalGroupAI,790,112
OriginalGroupAI,791,57
OriginalGroupAI,792,109
OriginalGroupAI,793,116
OriginalGroupAI,794,62
OriginalGroupAI,795,68
OriginalGroupAI,796,114
OriginalGroupAI,797,113
OriginalGroupAI,798,92
OriginalGroupAI,799,87
OriginalGroupAI,800,90
OriginalGroupAI,801,88
OriginalGroupAI,802,96
OriginalGroupAI,803,90
OriginalGroupAI,804,67
OriginalGroupAI,805,91
OriginalGroupAI,806,99
OriginalGroupAI,807,105
OriginalGroupAI,808,94
OriginalGroupAI,809,98
OriginalGroupAI,810,50
OriginalGroupAI,811,111
OriginalGroupAI,812,108
OriginalGroupAI,813,106
OriginalGroupAI,814,94
OriginalGroupAI,815,77
OriginalGroupAI,816,81
OriginalGroupAI,817,109
OriginalGroupAI,818,60
OriginalGroupAI,819,90
OriginalGroupAI,820,64
OriginalGroupAI,821,108
OriginalGroupAI,822,85
OriginalGroupAI,823,67
OriginalGroupAI,824,70
OriginalGroupAI,825,88
OriginalGroupAI,826,80
OriginalGroupAI,827,98
OriginalGroupAI,828,102
OriginalGroupAI,829,44
OriginalGroupAI,830,84
OriginalGroupAI,831,113
OriginalGroupAI,832,113
OriginalGroupAI,833,87
OriginalGroupAI,834,112
OriginalGroupAI,835,81
OriginalGroupAI,836,62
OriginalGroupAI,837,70
OriginalGroupAI,838,97
OriginalGroupAI,839,110
OriginalGroupAI,840,93
OriginalGroupAI,841,101
OriginalGroupAI,842,118
OriginalGroupAI,843,74
OriginalGroupAI,844,101
OriginalGroupAI,845,100
OriginalGroupAI,846,80
OriginalGroupAI,847,82
OriginalGroupAI,848,115
OriginalGroupAI,849,102
OriginalGroupAI,850,75
OriginalGroupAI,851,79
OriginalGroupAI,852,116
OriginalGroupAI,853,71
OriginalGroupAI,854,101
OriginalGroupAI,855,94
OriginalGroupAI,856,97
OriginalGroupAI,857,105
OriginalGroupAI,858,102
OriginalGroupAI,859,105
OriginalGroupAI,860,111
OriginalGroupAI,861,113
OriginalGroupAI,862,90
OriginalGroupAI,863,114
OriginalGroupAI,864,88
OriginalGroupAI,865,71
OriginalGroupAI,866,108
OriginalGroupAI,867,87
OriginalGroupAI,868,57
OriginalGroupAI,869,67
OriginalGroupAI,870,74
OriginalGroupAI,871,99
OriginalGroupAI,872,118
OriginalGroupAI,873,62
OriginalGroupAI,874,94
OriginalGroupAI,875,84
OriginalGroupAI,876,104
OriginalGroupAI,877,108
OriginalGroupAI,878,109
OriginalGroupAI,879,110
OriginalGroupAI,880,105
OriginalGroupAI,881,75
OriginalGroupAI,882,104
OriginalGroupAI,883,87
OriginalGroupAI,884,100
OriginalGroupAI,885,118
OriginalGroupAI,886,92
OriginalGroupAI,887,101
OriginalGroupAI,888,87
OriginalGroupAI,889,46
OriginalGroupAI,890,98
OriginalGroupAI,891,97
OriginalGroupAI,892,83
OriginalGroupAI,893,82
OriginalGroupAI,894,93
OriginalGroupAI,895,93
OriginalGroupAI,896,65
OriginalGroupAI,897,81
OriginalGroupAI,898,119
OriginalGroupAI,899,103
OriginalGroupAI,900,97
OriginalGroupAI,901,109
OriginalGroupAI,902,73
OriginalGroupAI,903,57
OriginalGroupAI,904,91
OriginalGroupAI,905,84
OriginalGroupAI,906,86
OriginalGroupAI,907,85
OriginalGroupAI,908,114
OriginalGroupAI,909,103
OriginalGroupAI,910,117
OriginalGroupAI,911,116
OriginalGroupAI,912,78
OriginalGroupAI,913,106
OriginalGroupAI,914,109
OriginalGroupAI,915,57
OriginalGroupAI,916,115
OriginalGroupAI,917,93
OriginalGroupAI,918,77
OriginalGroupAI,919,111
OriginalGroupAI,920,99
OriginalGroupAI,921,82
OriginalGroupAI,922,108
OriginalGroupAI,923,115
OriginalGroupAI,924,79
OriginalGroupAI,925,71
OriginalGroupAI,926,65
OriginalGroupAI,927,81
OriginalGroupAI,928,82
OriginalGroupAI,929,69
OriginalGroupAI,930,98
OriginalGroupAI,931,111
OriginalGroupAI,932,51
OriginalGroupAI,933,82
OriginalGroupAI,934,99
OriginalGroupAI,935,75
OriginalGroupAI,936,84
OriginalGroupAI,937,103
OriginalGroupAI,938,113
OriginalGroupAI,939,96
OriginalGroupAI,940,93
OriginalGroupAI,941,89
OriginalGroupAI,942,81
OriginalGroupAI,943,118
OriginalGroupAI,944,52
OriginalGroupAI,945,112
OriginalGroupAI,946,96
OriginalGroupAI,947,59
OriginalGroupAI,948,109
OriginalGroupAI,949,102
OriginalGroupAI,950,100
OriginalGroupAI,951,115
OriginalGroupAI,952,57
OriginalGroupAI,953,112
OriginalGroupAI,954,99
OriginalGroupAI,955,100
OriginalGroupAI,956,87
OriginalGroupAI,957,114
OriginalGroupAI,958,90
OriginalGroupAI,959,97
OriginalGroupAI,960,108
OriginalGroupAI,961,94
OriginalGroupAI,962,107
OriginalGroupAI,963,100
OriginalGroupAI,964,101
OriginalGroupAI,965,64
OriginalGroupAI,966,71
OriginalGroupAI,967,48
OriginalGroupAI,968,78
OriginalGroupAI,969,109
OriginalGroupAI,970,116
OriginalGroupAI,971,114
OriginalGroupAI,972,100
OriginalGroupAI,973,110
OriginalGroupAI,974,58
OriginalGroupAI,975,74
OriginalGroupAI,976,93
OriginalGroupAI,977,110
OriginalGroupAI,978,98
OriginalGroupAI,979,71
OriginalGroupAI,980,95
OriginalGroupAI,981,83
OriginalGroupAI,982,68
OriginalGroupAI,983,119
OriginalGroupAI,984,81
OriginalGroupAI,985,71
OriginalGroupAI,986,102
OriginalGroupAI,987,97
OriginalGroupAI,988,117
OriginalGroupAI,989,95
OriginalGroupAI,990,119
OriginalGroupAI,991,112
OriginalGroupAI,992,76
OriginalGroupAI,993,100
OriginalGroupAI,994,93
OriginalGroupAI,995,94
OriginalGroupAI,996,118
OriginalGroupAI,997,76
OriginalGroupAI,998,80
OriginalGroupAI,999,89
OriginalGroupAI,1000,56
ProbabilityMapAI,1,65
ProbabilityMapAI,2,48
ProbabilityMapAI,3,64
ProbabilityMapAI,4,61
ProbabilityMapAI,5,65
ProbabilityMapAI,6,61
ProbabilityMapAI,7,60
ProbabilityMapAI,8,61
ProbabilityMapAI,9,62
ProbabilityMapAI,10,60
ProbabilityMapAI,11,51
ProbabilityMapAI,12,48
ProbabilityMapAI,13,50
ProbabilityMapAI,14,62
ProbabilityMapAI,15,50
ProbabilityMapAI,16,48
ProbabilityMapAI,17,65
ProbabilityMapAI,18,48
ProbabilityMapAI,19,50
ProbabilityMapAI,20,66
ProbabilityMapAI,21,62
ProbabilityMapAI,22,62
ProbabilityMapAI,23,49
ProbabilityMapAI,24,74
ProbabilityMapAI,25,62
ProbabilityMapAI,26,48
ProbabilityMapAI,27,76
ProbabilityMapAI,28,62
ProbabilityMapAI,29,66
ProbabilityMapAI,30,50
ProbabilityMapAI,31,48
ProbabilityMapAI,32,77
ProbabilityMapAI,33,66
ProbabilityMapAI,34,48
ProbabilityMapAI,35,61
ProbabilityMapAI,36,65
ProbabilityMapAI,37,60
ProbabilityMapAI,38,48
ProbabilityMapAI,39,67
ProbabilityMapAI,40,66
ProbabilityMapAI,41,50
ProbabilityMapAI,42,75
ProbabilityMapAI,43,67
ProbabilityMapAI,44,62
ProbabilityMapAI,45,50
ProbabilityMapAI,46,62
ProbabilityMapAI,47,67
ProbabilityMapAI,48,66
ProbabilityMapAI,49,51
ProbabilityMapAI,50,49
ProbabilityMapAI,51,61
ProbabilityMapAI,52,67
ProbabilityMapAI,53,62
ProbabilityMapAI,54,74
ProbabilityMapAI,55,62
ProbabilityMapAI,56,66
ProbabilityMapAI,57,62
ProbabilityMapAI,58,61
ProbabilityMapAI,59,65
ProbabilityMapAI,60,66
ProbabilityMapAI,61,50
ProbabilityMapAI,62,50
ProbabilityMapAI,63,62
ProbabilityMapAI,64,48
ProbabilityMapAI,65,49
ProbabilityMapAI,66,65
ProbabilityMapAI,67,66
ProbabilityMapAI,68,61
ProbabilityMapAI,69,58
ProbabilityMapAI,70,49
ProbabilityMapAI,71,66
ProbabilityMapAI,72,64
ProbabilityMapAI,73,51
ProbabilityMapAI,74,50
ProbabilityMapAI,75,59
ProbabilityMapAI,76,64
ProbabilityMapAI,77,61
ProbabilityMapAI,78,50
ProbabilityMapAI,79,49
ProbabilityMapAI,80,51
ProbabilityMapAI,81,50
ProbabilityMapAI,82,61
ProbabilityMapAI,83,68
ProbabilityMapAI,84,65
ProbabilityMapAI,85,61
ProbabilityMapAI,86,49
ProbabilityMapAI,87,51
ProbabilityMapAI,88,49
ProbabilityMapAI,89,61
ProbabilityMapAI,90,51
ProbabilityMapAI,91,50
ProbabilityMapAI,92,51
ProbabilityMapAI,93,50
ProbabilityMapAI,94,48
ProbabilityMapAI,95,62
ProbabilityMapAI,96,51
ProbabilityMapAI,97,51
ProbabilityMapAI,98,61
ProbabilityMapAI,99,67
ProbabilityMapAI,100,48
ProbabilityMapAI,101,67
ProbabilityMapAI,102,50
ProbabilityMapAI,103,58
ProbabilityMapAI,104,51
ProbabilityMapAI,105,62
ProbabilityMapAI,106,49
ProbabilityMapAI,107,61
ProbabilityMapAI,108,67
ProbabilityMapAI,109,61
ProbabilityMapAI,110,50
ProbabilityMapAI,111,49
ProbabilityMapAI,112,62
ProbabilityMapAI,113,62
ProbabilityMapAI,114,66
ProbabilityMapAI,115,62
ProbabilityMapAI,116,62
ProbabilityMapAI,117,66
ProbabilityMapAI,118,63
ProbabilityMapAI,119,66
ProbabilityMapAI,120,67
ProbabilityMapAI,121,61
ProbabilityMapAI,122,61
ProbabilityMapAI,123,58
ProbabilityMapAI,124,62
ProbabilityMapAI,125,48
ProbabilityMapAI,126,50
ProbabilityMapAI,127,51
ProbabilityMapAI,128,48
ProbabilityMapAI,129,73
ProbabilityMapAI,130,76
ProbabilityMapAI,131,66
ProbabilityMapAI,132,61
ProbabilityMapAI,133,67
ProbabilityMapAI,134,62
ProbabilityMapAI,135,67
ProbabilityMapAI,136,51
ProbabilityMapAI,137,48
ProbabilityMapAI,138,50
ProbabilityMapAI,139,61
ProbabilityMapAI,140,78
ProbabilityMapAI,141,76
ProbabilityMapAI,142,51
ProbabilityMapAI,143,49
ProbabilityMapAI,144,48
ProbabilityMapAI,145,49
ProbabilityMapAI,146,49
ProbabilityMapAI,147,61
ProbabilityMapAI,148,67
ProbabilityMapAI,149,51
ProbabilityMapAI,150,51
ProbabilityMapAI,151,51
ProbabilityMapAI,152,61
ProbabilityMapAI,153,48
ProbabilityMapAI,154,48
ProbabilityMapAI,155,62
ProbabilityMapAI,156,61
ProbabilityMapAI,157,51
ProbabilityMapAI,158,49
ProbabilityMapAI,159,65
ProbabilityMapAI,160,61
ProbabilityMapAI,161,62
ProbabilityMapAI,162,66
ProbabilityMapAI,163,78
ProbabilityMapAI,164,50
ProbabilityMapAI,165,62
ProbabilityMapAI,166,51
ProbabilityMapAI,167,67
ProbabilityMapAI,168,51
ProbabilityMapAI,169,65
ProbabilityMapAI,170,50
ProbabilityMapAI,171,61
ProbabilityMapAI,172,49
ProbabilityMapAI,173,60
ProbabilityMapAI,174,48
ProbabilityMapAI,175,51
ProbabilityMapAI,176,62
ProbabilityMapAI,177,51
ProbabilityMapAI,178,51
ProbabilityMapAI,179,62
ProbabilityMapAI,180,51
ProbabilityMapAI,181,68
ProbabilityMapAI,182,61
ProbabilityMapAI,183,62
ProbabilityMapAI,184,60
ProbabilityMapAI,185,66
ProbabilityMapAI,186,66
ProbabilityMapAI,187,50
ProbabilityMapAI,188,48
ProbabilityMapAI,189,65
ProbabilityMapAI,190,64
ProbabilityMapAI,191,48
ProbabilityMapAI,192,49
ProbabilityMapAI,193,48
ProbabilityMapAI,194,51
ProbabilityMapAI,195,62
ProbabilityMapAI,196,58
ProbabilityMapAI,197,65
ProbabilityMapAI,198,62
ProbabilityMapAI,199,49
ProbabilityMapAI,200,62
ProbabilityMapAI,201,67
ProbabilityMapAI,202,67
ProbabilityMapAI,203,71
ProbabilityMapAI,204,48
ProbabilityMapAI,205,66
ProbabilityMapAI,206,51
ProbabilityMapAI,207,62
ProbabilityMapAI,208,48
ProbabilityMapAI,209,48
ProbabilityMapAI,210,48
ProbabilityMapAI,211,48
ProbabilityMapAI,212,61
ProbabilityMapAI,213,66
ProbabilityMapAI,214,67
ProbabilityMapAI,215,50
ProbabilityMapAI,216,48
ProbabilityMapAI,217,51
ProbabilityMapAI,218,64
ProbabilityMapAI,219,50
ProbabilityMapAI,220,62
ProbabilityMapAI,221,76
ProbabilityMapAI,222,48
ProbabilityMapAI,223,66
ProbabilityMapAI,224,62
ProbabilityMapAI,225,62
ProbabilityMapAI,226,48
ProbabilityMapAI,227,48
ProbabilityMapAI,228,68
ProbabilityMapAI,229,66
ProbabilityMapAI,230,51
ProbabilityMapAI,231,51
ProbabilityMapAI,232,62
ProbabilityMapAI,233,49
ProbabilityMapAI,234,51
ProbabilityMapAI,235,58
ProbabilityMapAI,236,61
ProbabilityMapAI,237,66
ProbabilityMapAI,238,62
ProbabilityMapAI,239,49
ProbabilityMapAI,240,78
ProbabilityMapAI,241,51
ProbabilityMapAI,242,66
ProbabilityMapAI,243,78
ProbabilityMapAI,244,61
ProbabilityMapAI,245,51
ProbabilityMapAI,246,62
ProbabilityMapAI,247,50
ProbabilityMapAI,248,65
ProbabilityMapAI,249,51
ProbabilityMapAI,250,65
ProbabilityMapAI,251,65
ProbabilityMapAI,252,49
ProbabilityMapAI,253,64
ProbabilityMapAI,254,49
ProbabilityMapAI,255,64
ProbabilityMapAI,256,51
ProbabilityMapAI,257,60
ProbabilityMapAI,258,48
ProbabilityMapAI,259,60
ProbabilityMapAI,260,61
ProbabilityMapAI,261,68
ProbabilityMapAI,262,62
ProbabilityMapAI,263,49
ProbabilityMapAI,264,49
ProbabilityMapAI,265,48
ProbabilityMapAI,266,64
ProbabilityMapAI,267,62
ProbabilityMapAI,268,50
ProbabilityMapAI,269,77
ProbabilityMapAI,270,51
ProbabilityMapAI,271,60
ProbabilityMapAI,272,61
ProbabilityMapAI,273,65
ProbabilityMapAI,274,66
ProbabilityMapAI,275,50
ProbabilityMapAI,276,64
ProbabilityMapAI,277,64
ProbabilityMapAI,278,50
ProbabilityMapAI,279,66
ProbabilityMapAI,280,67
ProbabilityMapAI,281,50
ProbabilityMapAI,282,69
ProbabilityMapAI,283,61
ProbabilityMapAI,284,63
ProbabilityMapAI,285,48
ProbabilityMapAI,286,48
ProbabilityMapAI,287,62
ProbabilityMapAI,288,48
ProbabilityMapAI,289,60
ProbabilityMapAI,290,50
ProbabilityMapAI,291,67
ProbabilityMapAI,292,61
ProbabilityMapAI,293,50
ProbabilityMapAI,294,65
ProbabilityMapAI,295,61
ProbabilityMapAI,296,60
ProbabilityMapAI,297,51
ProbabilityMapAI,298,67
ProbabilityMapAI,299,62
ProbabilityMapAI,300,62
ProbabilityMapAI,301,51
ProbabilityMapAI,302,50
ProbabilityMapAI,303,50
ProbabilityMapAI,304,50
ProbabilityMapAI,305,67
ProbabilityMapAI,306,76
ProbabilityMapAI,307,49
ProbabilityMapAI,308,48
ProbabilityMapAI,309,61
ProbabilityMapAI,310,62
ProbabilityMapAI,311,74
ProbabilityMapAI,312,58
ProbabilityMapAI,313,48
ProbabilityMapAI,314,50
ProbabilityMapAI,315,69
ProbabilityMapAI,316,74
ProbabilityMapAI,317,49
ProbabilityMapAI,318,75
ProbabilityMapAI,319,50
ProbabilityMapAI,320,49
ProbabilityMapAI,321,51
ProbabilityMapAI,322,58
ProbabilityMapAI,323,51
ProbabilityMapAI,324,64
ProbabilityMapAI,325,50
ProbabilityMapAI,326,51
ProbabilityMapAI,327,51
ProbabilityMapAI,328,51
ProbabilityMapAI,329,62
ProbabilityMapAI,330,50
ProbabilityMapAI,331,48
ProbabilityMapAI,332,50
ProbabilityMapAI,333,62
ProbabilityMapAI,334,50
ProbabilityMapAI,335,49
ProbabilityMapAI,336,61
ProbabilityMapAI,337,51
ProbabilityMapAI,338,51
ProbabilityMapAI,339,48
ProbabilityMapAI,340,49
ProbabilityMapAI,341,48
ProbabilityMapAI,342,48
ProbabilityMapAI,343,62
ProbabilityMapAI,344,49
ProbabilityMapAI,345,51
ProbabilityMapAI,346,49
ProbabilityMapAI,347,50
ProbabilityMapAI,348,62
ProbabilityMapAI,349,66
ProbabilityMapAI,350,68
ProbabilityMapAI,351,66
ProbabilityMapAI,352,49
ProbabilityMapAI,353,66
ProbabilityMapAI,354,66
ProbabilityMapAI,355,70
ProbabilityMapAI,356,64
ProbabilityMapAI,357,50
ProbabilityMapAI,358,62
ProbabilityMapAI,359,63
ProbabilityMapAI,360,61
ProbabilityMapAI,361,64
ProbabilityMapAI,362,66
ProbabilityMapAI,363,59
ProbabilityMapAI,364,66
ProbabilityMapAI,365,62
ProbabilityMapAI,366,61
ProbabilityMapAI,367,51
ProbabilityMapAI,368,48
ProbabilityMapAI,369,67
ProbabilityMapAI,370,58
ProbabilityMapAI,371,66
ProbabilityMapAI,372,49
ProbabilityMapAI,373,66
ProbabilityMapAI,374,65
ProbabilityMapAI,375,62
ProbabilityMapAI,376,48
ProbabilityMapAI,377,61
ProbabilityMapAI,378,63
ProbabilityMapAI,379,61
ProbabilityMapAI,380,60
ProbabilityMapAI,381,72
ProbabilityMapAI,382,67
ProbabilityMapAI,383,66
ProbabilityMapAI,384,50
ProbabilityMapAI,385,49
ProbabilityMapAI,386,48
ProbabilityMapAI,387,76
ProbabilityMapAI,388,61
ProbabilityMapAI,389,51
ProbabilityMapAI,390,62
ProbabilityMapAI,391,67
ProbabilityMapAI,392,64
ProbabilityMapAI,393,66
ProbabilityMapAI,394,67
ProbabilityMapAI,395,64
ProbabilityMapAI,396,61
ProbabilityMapAI,397,50
ProbabilityMapAI,398,67
ProbabilityMapAI,399,49
ProbabilityMapAI,400,65
ProbabilityMapAI,401,51
ProbabilityMapAI,402,50
ProbabilityMapAI,403,66
ProbabilityMapAI,404,67
ProbabilityMapAI,405,48
ProbabilityMapAI,406,62
ProbabilityMapAI,407,48
ProbabilityMapAI,408,50
ProbabilityMapAI,409,74
ProbabilityMapAI,410,75
ProbabilityMapAI,411,49
ProbabilityMapAI,412,76
ProbabilityMapAI,413,66
ProbabilityMapAI,414,62
ProbabilityMapAI,415,48
ProbabilityMapAI,416,50
ProbabilityMapAI,417,62
ProbabilityMapAI,418,76
ProbabilityMapAI,419,66
ProbabilityMapAI,420,61
ProbabilityMapAI,421,66
ProbabilityMapAI,422,49
ProbabilityMapAI,423,58
ProbabilityMapAI,424,50
ProbabilityMapAI,425,48
ProbabilityMapAI,426,60
ProbabilityMapAI,427,51
ProbabilityMapAI,428,50
ProbabilityMapAI,429,50
ProbabilityMapAI,430,64
ProbabilityMapAI,431,61
ProbabilityMapAI,432,62
ProbabilityMapAI,433,58
ProbabilityMapAI,434,67
ProbabilityMapAI,435,58
ProbabilityMapAI,436,51
ProbabilityMapAI,437,66
ProbabilityMapAI,438,51
ProbabilityMapAI,439,49
ProbabilityMapAI,440,71
ProbabilityMapAI,441,65
ProbabilityMapAI,442,48
ProbabilityMapAI,443,60
ProbabilityMapAI,444,76
ProbabilityMapAI,445,66
ProbabilityMapAI,446,71
ProbabilityMapAI,447,49
ProbabilityMapAI,448,49
ProbabilityMapAI,449,66
ProbabilityMapAI,450,65
ProbabilityMapAI,451,51
ProbabilityMapAI,452,65
ProbabilityMapAI,453,60
ProbabilityMapAI,454,48
ProbabilityMapAI,455,48
ProbabilityMapAI,456,48
ProbabilityMapAI,457,51
ProbabilityMapAI,458,61
ProbabilityMapAI,459,66
ProbabilityMapAI,460,66
ProbabilityMapAI,461,50
ProbabilityMapAI,462,66
ProbabilityMapAI,463,66
ProbabilityMapAI,464,65
ProbabilityMapAI,465,48
ProbabilityMapAI,466,62
ProbabilityMapAI,467,50
ProbabilityMapAI,468,49
ProbabilityMapAI,469,62
ProbabilityMapAI,470,48
ProbabilityMapAI,471,61
ProbabilityMapAI,472,67
ProbabilityMapAI,473,61
ProbabilityMapAI,474,60
ProbabilityMapAI,475,62
ProbabilityMapAI,476,50
ProbabilityMapAI,477,51
ProbabilityMapAI,478,49
ProbabilityMapAI,479,62
ProbabilityMapAI,480,66
ProbabilityMapAI,481,48
ProbabilityMapAI,482,48
ProbabilityMapAI,483,49
ProbabilityMapAI,484,66
ProbabilityMapAI,485,61
ProbabilityMapAI,486,51
ProbabilityMapAI,487,49
ProbabilityMapAI,488,66
ProbabilityMapAI,489,63
ProbabilityMapAI,490,49
ProbabilityMapAI,491,49
ProbabilityMapAI,492,50
ProbabilityMapAI,493,48
ProbabilityMapAI,494,62
ProbabilityMapAI,495,62
ProbabilityMapAI,496,48
ProbabilityMapAI,497,77
ProbabilityMapAI,498,67
ProbabilityMapAI,499,62
ProbabilityMapAI,500,48
ProbabilityMapAI,501,61
ProbabilityMapAI,502,67
ProbabilityMapAI,503,59
ProbabilityMapAI,504,48
ProbabilityMapAI,505,62
ProbabilityMapAI,506,61
ProbabilityMapAI,507,48
ProbabilityMapAI,508,62
ProbabilityMapAI,509,62
ProbabilityMapAI,510,48
ProbabilityMapAI,511,66
ProbabilityMapAI,512,66
ProbabilityMapAI,513,48
ProbabilityMapAI,514,68
ProbabilityMapAI,515,61
ProbabilityMapAI,516,60
ProbabilityMapAI,517,63
ProbabilityMapAI,518,49
ProbabilityMapAI,519,66
ProbabilityMapAI,520,51
ProbabilityMapAI,521,66
ProbabilityMapAI,522,67
ProbabilityMapAI,523,51
ProbabilityMapAI,524,51
ProbabilityMapAI,525,49
ProbabilityMapAI,526,49
ProbabilityMapAI,527,62
ProbabilityMapAI,528,48
ProbabilityMapAI,529,68
ProbabilityMapAI,530,75
ProbabilityMapAI,531,62
ProbabilityMapAI,532,50
ProbabilityMapAI,533,67
ProbabilityMapAI,534,49
ProbabilityMapAI,535,66
ProbabilityMapAI,536,62
ProbabilityMapAI,537,60
ProbabilityMapAI,538,73
ProbabilityMapAI,539,62
ProbabilityMapAI,540,66
ProbabilityMapAI,541,50
ProbabilityMapAI,542,51
ProbabilityMapAI,543,66
ProbabilityMapAI,544,48
ProbabilityMapAI,545,67
ProbabilityMapAI,546,50
ProbabilityMapAI,547,60
ProbabilityMapAI,548,49
ProbabilityMapAI,549,61
ProbabilityMapAI,550,49
ProbabilityMapAI,551,48
ProbabilityMapAI,552,74
ProbabilityMapAI,553,62
ProbabilityMapAI,554,58
ProbabilityMapAI,555,50
ProbabilityMapAI,556,60
ProbabilityMapAI,557,72
ProbabilityMapAI,558,61
ProbabilityMapAI,559,61
ProbabilityMapAI,560,48
ProbabilityMapAI,561,64
ProbabilityMapAI,562,50
ProbabilityMapAI,563,60
ProbabilityMapAI,564,67
ProbabilityMapAI,565,66
ProbabilityMapAI,566,50
ProbabilityMapAI,567,50
ProbabilityMapAI,568,62
ProbabilityMapAI,569,51
ProbabilityMapAI,570,63
ProbabilityMapAI,571,61
ProbabilityMapAI,572,50
ProbabilityMapAI,573,51
ProbabilityMapAI,574,75
ProbabilityMapAI,575,61
ProbabilityMapAI,576,66
ProbabilityMapAI,577,63
ProbabilityMapAI,578,51
ProbabilityMapAI,579,51
ProbabilityMapAI,580,66
ProbabilityMapAI,581,67
ProbabilityMapAI,582,62
ProbabilityMapAI,583,48
ProbabilityMapAI,584,48
ProbabilityMapAI,585,51
ProbabilityMapAI,586,67
ProbabilityMapAI,587,67
ProbabilityMapAI,588,68
ProbabilityMapAI,589,62
ProbabilityMapAI,590,67
ProbabilityMapAI,591,65
ProbabilityMapAI,592,49
ProbabilityMapAI,593,71
ProbabilityMapAI,594,51
ProbabilityMapAI,595,48
ProbabilityMapAI,596,60
ProbabilityMapAI,597,62
ProbabilityMapAI,598,66
ProbabilityMapAI,599,61
ProbabilityMapAI,600,67
ProbabilityMapAI,601,51
ProbabilityMapAI,602,48
ProbabilityMapAI,603,62
ProbabilityMapAI,604,68
ProbabilityMapAI,605,49
ProbabilityMapAI,606,58
ProbabilityMapAI,607,66
ProbabilityMapAI,608,60
ProbabilityMapAI,609,49
ProbabilityMapAI,610,67
ProbabilityMapAI,611,64
ProbabilityMapAI,612,65
ProbabilityMapAI,613,60
ProbabilityMapAI,614,51
ProbabilityMapAI,615,65
ProbabilityMapAI,616,64
ProbabilityMapAI,617,50
ProbabilityMapAI,618,50
ProbabilityMapAI,619,49
ProbabilityMapAI,620,66
ProbabilityMapAI,621,74
ProbabilityMapAI,622,48
ProbabilityMapAI,623,50
ProbabilityMapAI,624,72
ProbabilityMapAI,625,60
ProbabilityMapAI,626,63
ProbabilityMapAI,627,49
ProbabilityMapAI,628,61
ProbabilityMapAI,629,48
ProbabilityMapAI,630,50
ProbabilityMapAI,631,66
ProbabilityMapAI,632,62
ProbabilityMapAI,633,49
ProbabilityMapAI,634,49
ProbabilityMapAI,635,49
ProbabilityMapAI,636,66
ProbabilityMapAI,637,51
ProbabilityMapAI,638,48
ProbabilityMapAI,639,62
ProbabilityMapAI,640,62
ProbabilityMapAI,641,72
ProbabilityMapAI,642,61
ProbabilityMapAI,643,51
ProbabilityMapAI,644,58
ProbabilityMapAI,645,50
ProbabilityMapAI,646,60
ProbabilityMapAI,647,66
ProbabilityMapAI,648,66
ProbabilityMapAI,649,51
ProbabilityMapAI,650,50
ProbabilityMapAI,651,61
ProbabilityMapAI,652,62
ProbabilityMapAI,653,64
ProbabilityMapAI,654,48
ProbabilityMapAI,655,65
ProbabilityMapAI,656,67
ProbabilityMapAI,657,61
ProbabilityMapAI,658,61
ProbabilityMapAI,659,65
ProbabilityMapAI,660,49
ProbabilityMapAI,661,61
ProbabilityMapAI,662,48
ProbabilityMapAI,663,51
ProbabilityMapAI,664,58
ProbabilityMapAI,665,50
ProbabilityMapAI,666,63
ProbabilityMapAI,667,50
ProbabilityMapAI,668,66
ProbabilityMapAI,669,62
ProbabilityMapAI,670,61
ProbabilityMapAI,671,51
ProbabilityMapAI,672,74
ProbabilityMapAI,673,69
ProbabilityMapAI,674,48
ProbabilityMapAI,675,68
ProbabilityMapAI,676,48
ProbabilityMapAI,677,66
ProbabilityMapAI,678,67
ProbabilityMapAI,679,48
ProbabilityMapAI,680,65
ProbabilityMapAI,681,77
ProbabilityMapAI,682,58
ProbabilityMapAI,683,61
ProbabilityMapAI,684,62
ProbabilityMapAI,685,51
ProbabilityMapAI,686,49
ProbabilityMapAI,687,60
ProbabilityMapAI,688,51
ProbabilityMapAI,689,50
ProbabilityMapAI,690,59
ProbabilityMapAI,691,75
ProbabilityMapAI,692,66
ProbabilityMapAI,693,66
ProbabilityMapAI,694,66
ProbabilityMapAI,695,48
ProbabilityMapAI,696,61
ProbabilityMapAI,697,66
ProbabilityMapAI,698,62
ProbabilityMapAI,699,61
ProbabilityMapAI,700,51
ProbabilityMapAI,701,50
ProbabilityMapAI,702,50
ProbabilityMapAI,703,67
ProbabilityMapAI,704,68
ProbabilityMapAI,705,48
ProbabilityMapAI,706,65
ProbabilityMapAI,707,48
ProbabilityMapAI,708,67
ProbabilityMapAI,709,62
ProbabilityMapAI,710,51
ProbabilityMapAI,711,62
ProbabilityMapAI,712,51
ProbabilityMapAI,713,66
ProbabilityMapAI,714,68
ProbabilityMapAI,715,48
ProbabilityMapAI,716,61
ProbabilityMapAI,717,49
ProbabilityMapAI,718,60
ProbabilityMapAI,719,50
ProbabilityMapAI,720,49
ProbabilityMapAI,721,49
ProbabilityMapAI,722,62
ProbabilityMapAI,723,68
ProbabilityMapAI,724,49
ProbabilityMapAI,725,50
ProbabilityMapAI,726,61
ProbabilityMapAI,727,62
ProbabilityMapAI,728,58
ProbabilityMapAI,729,61
ProbabilityMapAI,730,61
ProbabilityMapAI,731,61
ProbabilityMapAI,732,48
ProbabilityMapAI,733,61
ProbabilityMapAI,734,51
ProbabilityMapAI,735,48
ProbabilityMapAI,736,50
ProbabilityMapAI,737,50
ProbabilityMapAI,738,49
ProbabilityMapAI,739,61
ProbabilityMapAI,740,49
ProbabilityMapAI,741,72
ProbabilityMapAI,742,61
ProbabilityMapAI,743,62
ProbabilityMapAI,744,62
ProbabilityMapAI,745,67
ProbabilityMapAI,746,66
ProbabilityMapAI,747,50
ProbabilityMapAI,748,50
ProbabilityMapAI,749,61
ProbabilityMapAI,750,48
ProbabilityMapAI,751,65
ProbabilityMapAI,752,51
ProbabilityMapAI,753,60
ProbabilityMapAI,754,61
ProbabilityMapAI,755,62
ProbabilityMapAI,756,61
ProbabilityMapAI,757,61
ProbabilityMapAI,758,49
ProbabilityMapAI,759,61
ProbabilityMapAI,760,61
ProbabilityMapAI,761,62
ProbabilityMapAI,762,49
ProbabilityMapAI,763,50
ProbabilityMapAI,764,67
ProbabilityMapAI,765,51
ProbabilityMapAI,766,61
ProbabilityMapAI,767,51
ProbabilityMapAI,768,64
ProbabilityMapAI,769,61
ProbabilityMapAI,770,50
ProbabilityMapAI,771,68
ProbabilityMapAI,772,51
ProbabilityMapAI,773,51
ProbabilityMapAI,774,48
ProbabilityMapAI,775,61
ProbabilityMapAI,776,62
ProbabilityMapAI,777,74
ProbabilityMapAI,778,62
ProbabilityMapAI,779,62
ProbabilityMapAI,780,61
ProbabilityMapAI,781,62
ProbabilityMapAI,782,48
ProbabilityMapAI,783,62
ProbabilityMapAI,784,66
ProbabilityMapAI,785,50
ProbabilityMapAI,786,51
ProbabilityMapAI,787,48
ProbabilityMapAI,788,64
ProbabilityMapAI,789,67
ProbabilityMapAI,790,61
ProbabilityMapAI,791,66
ProbabilityMapAI,792,49
ProbabilityMapAI,793,48
ProbabilityMapAI,794,66
ProbabilityMapAI,795,68
ProbabilityMapAI,796,73
ProbabilityMapAI,797,59
ProbabilityMapAI,798,60
ProbabilityMapAI,799,58
ProbabilityMapAI,800,67
ProbabilityMapAI,801,61
ProbabilityMapAI,802,61
ProbabilityMapAI,803,77
ProbabilityMapAI,804,62
ProbabilityMapAI,805,61
ProbabilityMapAI,806,62
ProbabilityMapAI,807,48
ProbabilityMapAI,808,62
ProbabilityMapAI,809,49
ProbabilityMapAI,810,73
ProbabilityMapAI,811,75
ProbabilityMapAI,812,51
ProbabilityMapAI,813,77
ProbabilityMapAI,814,67
ProbabilityMapAI,815,49
ProbabilityMapAI,816,49
ProbabilityMapAI,817,60
ProbabilityMapAI,818,50
ProbabilityMapAI,819,62
ProbabilityMapAI,820,49
ProbabilityMapAI,821,51
ProbabilityMapAI,822,48
ProbabilityMapAI,823,51
ProbabilityMapAI,824,64
ProbabilityMapAI,825,49
ProbabilityMapAI,826,51
ProbabilityMapAI,827,61
ProbabilityMapAI,828,62
ProbabilityMapAI,829,75
ProbabilityMapAI,830,49
ProbabilityMapAI,831,62
ProbabilityMapAI,832,49
ProbabilityMapAI,833,67
ProbabilityMapAI,834,66
ProbabilityMapAI,835,61
ProbabilityMapAI,836,67
ProbabilityMapAI,837,48
ProbabilityMapAI,838,50
ProbabilityMapAI,839,61
ProbabilityMapAI,840,51
ProbabilityMapAI,841,58
ProbabilityMapAI,842,60
ProbabilityMapAI,843,48
ProbabilityMapAI,844,48
ProbabilityMapAI,845,51
ProbabilityMapAI,846,62
ProbabilityMapAI,847,61
ProbabilityMapAI,848,62
ProbabilityMapAI,849,66
ProbabilityMapAI,850,61
ProbabilityMapAI,851,66
ProbabilityMapAI,852,68
ProbabilityMapAI,853,60
ProbabilityMapAI,854,49
ProbabilityMapAI,855,62
ProbabilityMapAI,856,67
ProbabilityMapAI,857,62
ProbabilityMapAI,858,66
ProbabilityMapAI,859,58
ProbabilityMapAI,860,62
ProbabilityMapAI,861,51
ProbabilityMapAI,862,65
ProbabilityMapAI,863,72
ProbabilityMapAI,864,61
ProbabilityMapAI,865,62
ProbabilityMapAI,866,58
ProbabilityMapAI,867,62
ProbabilityMapAI,868,62
ProbabilityMapAI,869,62
ProbabilityMapAI,870,51
ProbabilityMapAI,871,58
ProbabilityMapAI,872,62
ProbabilityMapAI,873,48
ProbabilityMapAI,874,67
ProbabilityMapAI,875,60
ProbabilityMapAI,876,66
ProbabilityMapAI,877,62
ProbabilityMapAI,878,49
ProbabilityMapAI,879,48
ProbabilityMapAI,880,48
ProbabilityMapAI,881,62
ProbabilityMapAI,882,62
ProbabilityMapAI,883,61
ProbabilityMapAI,884,58
ProbabilityMapAI,885,62
ProbabilityMapAI,886,49
ProbabilityMapAI,887,69
ProbabilityMapAI,888,61
ProbabilityMapAI,889,67
ProbabilityMapAI,890,61
ProbabilityMapAI,891,61
ProbabilityMapAI,892,67
ProbabilityMapAI,893,48
ProbabilityMapAI,894,50
ProbabilityMapAI,895,48
ProbabilityMapAI,896,48
ProbabilityMapAI,897,48
ProbabilityMapAI,898,49
ProbabilityMapAI,899,48
ProbabilityMapAI,900,49
ProbabilityMapAI,901,51
ProbabilityMapAI,902,50
ProbabilityMapAI,903,50
ProbabilityMapAI,904,62
ProbabilityMapAI,905,51
ProbabilityMapAI,906,48
ProbabilityMapAI,907,48
ProbabilityMapAI,908,67
ProbabilityMapAI,909,61
ProbabilityMapAI,910,49
ProbabilityMapAI,911,50
ProbabilityMapAI,912,50
ProbabilityMapAI,913,51
ProbabilityMapAI,914,65
ProbabilityMapAI,915,62
ProbabilityMapAI,916,69
ProbabilityMapAI,917,67
ProbabilityMapAI,918,76
ProbabilityMapAI,919,61
ProbabilityMapAI,920,61
ProbabilityMapAI,921,61
ProbabilityMapAI,922,73
ProbabilityMapAI,923,58
ProbabilityMapAI,924,61
ProbabilityMapAI,925,62
ProbabilityMapAI,926,61
ProbabilityMapAI,927,59
ProbabilityMapAI,928,50
ProbabilityMapAI,929,63
ProbabilityMapAI,930,66
ProbabilityMapAI,931,49
ProbabilityMapAI,932,49
ProbabilityMapAI,933,61
ProbabilityMapAI,934,60
ProbabilityMapAI,935,61
ProbabilityMapAI,936,50
ProbabilityMapAI,937,48
ProbabilityMapAI,938,76
ProbabilityMapAI,939,66
ProbabilityMapAI,940,61
ProbabilityMapAI,941,65
ProbabilityMapAI,942,61
ProbabilityMapAI,943,60
ProbabilityMapAI,944,67
ProbabilityMapAI,945,62
ProbabilityMapAI,946,77
ProbabilityMapAI,947,51
ProbabilityMapAI,948,49
ProbabilityMapAI,949,66
ProbabilityMapAI,950,49
ProbabilityMapAI,951,62
ProbabilityMapAI,952,77
ProbabilityMapAI,953,58
ProbabilityMapAI,954,48
ProbabilityMapAI,955,67
ProbabilityMapAI,956,61
ProbabilityMapAI,957,51
ProbabilityMapAI,958,70
ProbabilityMapAI,959,48
ProbabilityMapAI,960,67
ProbabilityMapAI,961,62
ProbabilityMapAI,962,65
ProbabilityMapAI,963,49
ProbabilityMapAI,964,66
ProbabilityMapAI,965,76
ProbabilityMapAI,966,66
ProbabilityMapAI,967,58
ProbabilityMapAI,968,50
ProbabilityMapAI,969,51
ProbabilityMapAI,970,60
ProbabilityMapAI,971,62
ProbabilityMapAI,972,58
ProbabilityMapAI,973,48
ProbabilityMapAI,974,61
ProbabilityMapAI,975,51
ProbabilityMapAI,976,58
ProbabilityMapAI,977,61
ProbabilityMapAI,978,49
ProbabilityMapAI,979,51
ProbabilityMapAI,980,49
ProbabilityMapAI,981,62
ProbabilityMapAI,982,62
ProbabilityMapAI,983,65
ProbabilityMapAI,984,62
ProbabilityMapAI,985,69
ProbabilityMapAI,986,72
ProbabilityMapAI,987,49
ProbabilityMapAI,988,61
ProbabilityMapAI,989,62
ProbabilityMapAI,990,61
ProbabilityMapAI,991,66
ProbabilityMapAI,992,50
ProbabilityMapAI,993,51
ProbabilityMapAI,994,62
ProbabilityMapAI,995,68
ProbabilityMapAI,996,61
ProbabilityMapAI,997,50
ProbabilityMapAI,998,59
ProbabilityMapAI,999,62
ProbabilityMapAI,1000,61
